/tmp/matplotlib is not a writable directory
Matplotlib created a temporary cache directory at /tmp/matplotlib-apo0ky9m because there was an issue with the default path (/tmp/matplotlib); it is highly recommended to set the MPLCONFIGDIR environment variable to a writable directory, in particular to speed up the import of Matplotlib and to better support multiprocessing.

############################
INFO: You are using the old nnU-Net default plans. We have updated our recommendations. Please consider using those instead! Read more here: https://github.com/MIC-DKFZ/nnUNet/blob/master/documentation/resenc_presets.md
############################

Using device: cuda:0

#######################################################################
Please cite the following paper when using nnU-Net:
Isensee, F., Jaeger, P. F., Kohl, S. A., Petersen, J., & Maier-Hein, K. H. (2021). nnU-Net: a self-configuring method for deep learning-based biomedical image segmentation. Nature methods, 18(2), 203-211.
#######################################################################

2026-09-10 14:21:28.444615: Using torch.compile...
2026-09-10 14:21:30.920448: do_dummy_2d_data_aug: True
2026-09-10 14:21:30.930423: Using splits from existing split file: /hpc/jgeo610/nnunet/preprocessed/Dataset501_CardiacBoth/splits_final.json
2026-09-10 14:21:30.940489: The split file contains 5 splits.
2026-09-10 14:21:30.948406: Desired fold for training: 1
2026-09-10 14:21:30.955357: This split has 33 training and 9 validation cases.
using pin_memory on device 0
using pin_memory on device 0

This is the configuration used by this training:
Configuration name: 3d_fullres
 {'data_identifier': 'nnUNetPlans_3d_fullres', 'preprocessor_name': 'DefaultPreprocessor', 'batch_size': 2, 'patch_size': [48, 224, 224], 'median_image_size_in_voxels': [94.0, 432.0, 408.5], 'spacing': [1.25, 0.6967592835426331, 0.6967592835426331], 'normalization_schemes': ['ZScoreNormalization', 'ZScoreNormalization'], 'use_mask_for_norm': [False, False], 'resampling_fn_data': 'resample_data_or_seg_to_shape', 'resampling_fn_seg': 'resample_data_or_seg_to_shape', 'resampling_fn_data_kwargs': {'is_seg': False, 'order': 3, 'order_z': 0, 'force_separate_z': None}, 'resampling_fn_seg_kwargs': {'is_seg': True, 'order': 1, 'order_z': 0, 'force_separate_z': None}, 'resampling_fn_probabilities': 'resample_data_or_seg_to_shape', 'resampling_fn_probabilities_kwargs': {'is_seg': False, 'order': 1, 'order_z': 0, 'force_separate_z': None}, 'architecture': {'network_class_name': 'dynamic_network_architectures.architectures.unet.PlainConvUNet', 'arch_kwargs': {'n_stages': 6, 'features_per_stage': [32, 64, 128, 256, 320, 320], 'conv_op': 'torch.nn.modules.conv.Conv3d', 'kernel_sizes': [[3, 3, 3], [3, 3, 3], [3, 3, 3], [3, 3, 3], [3, 3, 3], [3, 3, 3]], 'strides': [[1, 1, 1], [2, 2, 2], [2, 2, 2], [2, 2, 2], [1, 2, 2], [1, 2, 2]], 'n_conv_per_stage': [2, 2, 2, 2, 2, 2], 'n_conv_per_stage_decoder': [2, 2, 2, 2, 2], 'conv_bias': True, 'norm_op': 'torch.nn.modules.instancenorm.InstanceNorm3d', 'norm_op_kwargs': {'eps': 1e-05, 'affine': True}, 'dropout_op': None, 'dropout_op_kwargs': None, 'nonlin': 'torch.nn.LeakyReLU', 'nonlin_kwargs': {'inplace': True}}, '_kw_requires_import': ['conv_op', 'norm_op', 'dropout_op', 'nonlin']}, 'batch_dice': False} 

These are the global plan.json settings:
 {'dataset_name': 'Dataset501_CardiacBoth', 'plans_name': 'nnUNetPlans', 'original_median_spacing_after_transp': [1.25, 0.6967592835426331, 0.6967592835426331], 'original_median_shape_after_transp': [94, 432, 408], 'image_reader_writer': 'SimpleITKIO', 'transpose_forward': [2, 0, 1], 'transpose_backward': [1, 2, 0], 'experiment_planner_used': 'ExperimentPlanner', 'label_manager': 'LabelManager', 'foreground_intensity_properties_per_channel': {'0': {'max': 2156.571533203125, 'mean': 776.3896484375, 'median': 843.4381103515625, 'min': 0.0, 'percentile_00_5': 0.0, 'percentile_99_5': 1860.5714111328125, 'std': 535.728759765625}, '1': {'max': 2156.571533203125, 'mean': 187.18650817871094, 'median': 74.74896240234375, 'min': 0.0, 'percentile_00_5': 0.0, 'percentile_99_5': 1503.896728515625, 'std': 289.24761962890625}}} 

2026-09-10 14:21:32.591984: Unable to plot network architecture: nnUNet_compile is enabled!
2026-09-10 14:21:32.636399: 
2026-09-10 14:21:32.645731: Epoch 0
2026-09-10 14:21:32.653975: Current learning rate: 0.01
2026-09-10 14:23:25.291306: train_loss 0.4524
2026-09-10 14:23:25.300331: val_loss 0.2153
2026-09-10 14:23:25.306430: Pseudo dice [np.float32(0.6143), np.float32(0.0), np.float32(0.3182), np.float32(0.1304), np.float32(0.551)]
2026-09-10 14:23:25.313271: Epoch time: 112.66 s
2026-09-10 14:23:25.321039: Yayy! New best EMA pseudo Dice: 0.32280001044273376
2026-09-10 14:23:27.909749: 
2026-09-10 14:23:27.917094: Epoch 1
2026-09-10 14:23:27.924262: Current learning rate: 0.00996
2026-09-10 14:24:39.229640: train_loss 0.1143
2026-09-10 14:24:39.251961: val_loss 0.0577
2026-09-10 14:24:39.262189: Pseudo dice [np.float32(0.716), np.float32(0.5456), np.float32(0.5738), np.float32(0.4252), np.float32(0.5784)]
2026-09-10 14:24:39.269349: Epoch time: 71.32 s
2026-09-10 14:24:39.276063: Yayy! New best EMA pseudo Dice: 0.3472999930381775
2026-09-10 14:24:42.365421: 
2026-09-10 14:24:42.372142: Epoch 2
2026-09-10 14:24:42.379852: Current learning rate: 0.00993
2026-09-10 14:25:51.710220: train_loss -0.0961
2026-09-10 14:25:51.722476: val_loss -0.1814
2026-09-10 14:25:51.731887: Pseudo dice [np.float32(0.789), np.float32(0.6947), np.float32(0.7298), np.float32(0.5934), np.float32(0.614)]
2026-09-10 14:25:51.743706: Epoch time: 69.35 s
2026-09-10 14:25:51.751783: Yayy! New best EMA pseudo Dice: 0.38100001215934753
2026-09-10 14:25:54.940138: 
2026-09-10 14:25:54.947232: Epoch 3
2026-09-10 14:25:54.954644: Current learning rate: 0.00989
2026-09-10 14:27:06.145652: train_loss -0.2433
2026-09-10 14:27:06.178312: val_loss -0.3339
2026-09-10 14:27:06.215581: Pseudo dice [np.float32(0.843), np.float32(0.7957), np.float32(0.7807), np.float32(0.6774), np.float32(0.6281)]
2026-09-10 14:27:06.244303: Epoch time: 71.21 s
2026-09-10 14:27:06.265872: Yayy! New best EMA pseudo Dice: 0.4174000024795532
2026-09-10 14:27:09.235320: 
2026-09-10 14:27:09.243592: Epoch 4
2026-09-10 14:27:09.252371: Current learning rate: 0.00986
2026-09-10 14:28:20.472247: train_loss -0.3053
2026-09-10 14:28:20.483557: val_loss -0.3481
2026-09-10 14:28:20.495330: Pseudo dice [np.float32(0.8446), np.float32(0.8215), np.float32(0.8257), np.float32(0.7499), np.float32(0.587)]
2026-09-10 14:28:20.504886: Epoch time: 71.24 s
2026-09-10 14:28:20.514439: Yayy! New best EMA pseudo Dice: 0.4521999955177307
2026-09-10 14:28:23.794403: 
2026-09-10 14:28:23.808103: Epoch 5
2026-09-10 14:28:23.818266: Current learning rate: 0.00982
2026-09-10 14:29:30.464886: train_loss -0.3756
2026-09-10 14:29:30.478398: val_loss -0.1744
2026-09-10 14:29:30.486428: Pseudo dice [np.float32(0.7428), np.float32(0.708), np.float32(0.7424), np.float32(0.7681), np.float32(0.5855)]
2026-09-10 14:29:30.494585: Epoch time: 66.67 s
2026-09-10 14:29:30.506447: Yayy! New best EMA pseudo Dice: 0.4778999984264374
2026-09-10 14:29:33.444134: 
2026-09-10 14:29:33.452040: Epoch 6
2026-09-10 14:29:33.459168: Current learning rate: 0.00978
2026-09-10 14:30:39.449090: train_loss -0.3763
2026-09-10 14:30:39.458479: val_loss -0.4576
2026-09-10 14:30:39.465175: Pseudo dice [np.float32(0.8614), np.float32(0.8663), np.float32(0.8591), np.float32(0.8012), np.float32(0.6394)]
2026-09-10 14:30:39.472223: Epoch time: 66.01 s
2026-09-10 14:30:39.478756: Yayy! New best EMA pseudo Dice: 0.510699987411499
2026-09-10 14:30:41.681671: 
2026-09-10 14:30:41.689978: Epoch 7
2026-09-10 14:30:41.696907: Current learning rate: 0.00975
2026-09-10 14:31:49.083761: train_loss -0.4836
2026-09-10 14:31:49.091697: val_loss -0.5018
2026-09-10 14:31:49.101493: Pseudo dice [np.float32(0.8794), np.float32(0.8755), np.float32(0.8679), np.float32(0.8236), np.float32(0.6577)]
2026-09-10 14:31:49.108601: Epoch time: 67.4 s
2026-09-10 14:31:49.116529: Yayy! New best EMA pseudo Dice: 0.541700005531311
2026-09-10 14:31:52.118978: 
2026-09-10 14:31:52.130246: Epoch 8
2026-09-10 14:31:52.141318: Current learning rate: 0.00971
2026-09-10 14:33:02.440326: train_loss -0.4843
2026-09-10 14:33:02.450420: val_loss -0.4888
2026-09-10 14:33:02.458240: Pseudo dice [np.float32(0.8717), np.float32(0.8646), np.float32(0.8127), np.float32(0.8234), np.float32(0.6585)]
2026-09-10 14:33:02.470508: Epoch time: 70.32 s
2026-09-10 14:33:02.480143: Yayy! New best EMA pseudo Dice: 0.5680999755859375
2026-09-10 14:33:05.580597: 
2026-09-10 14:33:05.590553: Epoch 9
2026-09-10 14:33:05.599451: Current learning rate: 0.00968
2026-09-10 14:34:15.049114: train_loss -0.5315
2026-09-10 14:34:15.061782: val_loss -0.5482
2026-09-10 14:34:15.073870: Pseudo dice [np.float32(0.8889), np.float32(0.8761), np.float32(0.8807), np.float32(0.8697), np.float32(0.6578)]
2026-09-10 14:34:15.085154: Epoch time: 69.47 s
2026-09-10 14:34:15.095252: Yayy! New best EMA pseudo Dice: 0.5947999954223633
2026-09-10 14:34:17.877487: 
2026-09-10 14:34:17.901277: Epoch 10
2026-09-10 14:34:17.910773: Current learning rate: 0.00964
2026-09-10 14:35:30.077711: train_loss -0.5838
2026-09-10 14:35:30.089798: val_loss -0.6023
2026-09-10 14:35:30.118007: Pseudo dice [np.float32(0.9073), np.float32(0.9086), np.float32(0.8836), np.float32(0.8877), np.float32(0.6509)]
2026-09-10 14:35:30.127008: Epoch time: 72.2 s
2026-09-10 14:35:30.134394: Yayy! New best EMA pseudo Dice: 0.6201000213623047
2026-09-10 14:35:32.287783: 
2026-09-10 14:35:32.296441: Epoch 11
2026-09-10 14:35:32.303526: Current learning rate: 0.0096
2026-09-10 14:36:43.488328: train_loss -0.603
2026-09-10 14:36:43.495708: val_loss -0.6033
2026-09-10 14:36:43.506335: Pseudo dice [np.float32(0.9114), np.float32(0.9072), np.float32(0.8749), np.float32(0.8892), np.float32(0.6759)]
2026-09-10 14:36:43.512813: Epoch time: 71.2 s
2026-09-10 14:36:43.519092: Yayy! New best EMA pseudo Dice: 0.6431999802589417
2026-09-10 14:36:46.676032: 
2026-09-10 14:36:46.684533: Epoch 12
2026-09-10 14:36:46.692843: Current learning rate: 0.00957
2026-09-10 14:37:57.930891: train_loss -0.6102
2026-09-10 14:37:57.942548: val_loss -0.5521
2026-09-10 14:37:57.957491: Pseudo dice [np.float32(0.8843), np.float32(0.9022), np.float32(0.9083), np.float32(0.8813), np.float32(0.6651)]
2026-09-10 14:37:57.972504: Epoch time: 71.26 s
2026-09-10 14:37:57.980021: Yayy! New best EMA pseudo Dice: 0.6636999845504761
2026-09-10 14:38:01.013796: 
2026-09-10 14:38:01.030380: Epoch 13
2026-09-10 14:38:01.070474: Current learning rate: 0.00953
2026-09-10 14:39:11.828506: train_loss -0.6126
2026-09-10 14:39:11.856537: val_loss -0.6092
2026-09-10 14:39:11.863699: Pseudo dice [np.float32(0.9061), np.float32(0.8927), np.float32(0.9058), np.float32(0.8674), np.float32(0.6941)]
2026-09-10 14:39:11.871109: Epoch time: 70.82 s
2026-09-10 14:39:11.879237: Yayy! New best EMA pseudo Dice: 0.682699978351593
2026-09-10 14:39:14.928462: 
2026-09-10 14:39:14.948365: Epoch 14
2026-09-10 14:39:14.962130: Current learning rate: 0.00949
2026-09-10 14:40:25.552423: train_loss -0.6373
2026-09-10 14:40:25.560935: val_loss -0.6422
2026-09-10 14:40:25.567455: Pseudo dice [np.float32(0.9166), np.float32(0.9048), np.float32(0.9124), np.float32(0.9118), np.float32(0.682)]
2026-09-10 14:40:25.574461: Epoch time: 70.63 s
2026-09-10 14:40:25.581167: Yayy! New best EMA pseudo Dice: 0.7009999752044678
2026-09-10 14:40:27.932010: 
2026-09-10 14:40:27.938934: Epoch 15
2026-09-10 14:40:27.946833: Current learning rate: 0.00946
2026-09-10 14:41:38.419382: train_loss -0.6262
2026-09-10 14:41:38.429698: val_loss -0.6425
2026-09-10 14:41:38.443988: Pseudo dice [np.float32(0.9064), np.float32(0.9176), np.float32(0.9016), np.float32(0.914), np.float32(0.7168)]
2026-09-10 14:41:38.461421: Epoch time: 70.49 s
2026-09-10 14:41:38.476369: Yayy! New best EMA pseudo Dice: 0.7179999947547913
2026-09-10 14:41:41.001769: 
2026-09-10 14:41:41.009449: Epoch 16
2026-09-10 14:41:41.022750: Current learning rate: 0.00942
2026-09-10 14:42:53.033853: train_loss -0.6452
2026-09-10 14:42:53.044381: val_loss -0.6457
2026-09-10 14:42:53.054118: Pseudo dice [np.float32(0.9203), np.float32(0.9026), np.float32(0.908), np.float32(0.9187), np.float32(0.6973)]
2026-09-10 14:42:53.062023: Epoch time: 72.03 s
2026-09-10 14:42:53.071030: Yayy! New best EMA pseudo Dice: 0.7330999970436096
2026-09-10 14:42:56.201458: 
2026-09-10 14:42:56.209251: Epoch 17
2026-09-10 14:42:56.221483: Current learning rate: 0.00939
2026-09-10 14:44:08.368861: train_loss -0.6668
2026-09-10 14:44:08.515813: val_loss -0.6828
2026-09-10 14:44:08.635980: Pseudo dice [np.float32(0.9304), np.float32(0.9235), np.float32(0.9165), np.float32(0.9157), np.float32(0.7191)]
2026-09-10 14:44:08.828444: Epoch time: 72.17 s
2026-09-10 14:44:08.947248: Yayy! New best EMA pseudo Dice: 0.7479000091552734
2026-09-10 14:44:12.146973: 
2026-09-10 14:44:12.159283: Epoch 18
2026-09-10 14:44:12.174920: Current learning rate: 0.00935
2026-09-10 14:45:23.445031: train_loss -0.6713
2026-09-10 14:45:23.457413: val_loss -0.6964
2026-09-10 14:45:23.467543: Pseudo dice [np.float32(0.9376), np.float32(0.9191), np.float32(0.9267), np.float32(0.9247), np.float32(0.7175)]
2026-09-10 14:45:23.475951: Epoch time: 71.3 s
2026-09-10 14:45:23.483744: Yayy! New best EMA pseudo Dice: 0.7616999745368958
2026-09-10 14:45:26.535397: 
2026-09-10 14:45:26.546623: Epoch 19
2026-09-10 14:45:26.557955: Current learning rate: 0.00931
2026-09-10 14:46:36.786519: train_loss -0.6701
2026-09-10 14:46:36.794669: val_loss -0.6604
2026-09-10 14:46:36.802161: Pseudo dice [np.float32(0.9275), np.float32(0.9206), np.float32(0.9034), np.float32(0.9012), np.float32(0.6769)]
2026-09-10 14:46:36.808001: Epoch time: 70.25 s
2026-09-10 14:46:36.814358: Yayy! New best EMA pseudo Dice: 0.7720999717712402
2026-09-10 14:46:39.314205: 
2026-09-10 14:46:39.325245: Epoch 20
2026-09-10 14:46:39.339390: Current learning rate: 0.00928
2026-09-10 14:47:50.151881: train_loss -0.6691
2026-09-10 14:47:50.166574: val_loss -0.6798
2026-09-10 14:47:50.175675: Pseudo dice [np.float32(0.9337), np.float32(0.9144), np.float32(0.9185), np.float32(0.9083), np.float32(0.7016)]
2026-09-10 14:47:50.185791: Epoch time: 70.84 s
2026-09-10 14:47:50.193327: Yayy! New best EMA pseudo Dice: 0.7824000120162964
2026-09-10 14:47:52.558579: 
2026-09-10 14:47:52.568307: Epoch 21
2026-09-10 14:47:52.579362: Current learning rate: 0.00924
2026-09-10 14:49:03.231701: train_loss -0.6858
2026-09-10 14:49:03.242163: val_loss -0.67
2026-09-10 14:49:03.250589: Pseudo dice [np.float32(0.9286), np.float32(0.9243), np.float32(0.9057), np.float32(0.9116), np.float32(0.7201)]
2026-09-10 14:49:03.261615: Epoch time: 70.68 s
2026-09-10 14:49:03.271008: Yayy! New best EMA pseudo Dice: 0.7919999957084656
2026-09-10 14:49:05.554436: 
2026-09-10 14:49:05.562514: Epoch 22
2026-09-10 14:49:05.568542: Current learning rate: 0.0092
2026-09-10 14:50:17.004921: train_loss -0.6712
2026-09-10 14:50:17.019433: val_loss -0.6535
2026-09-10 14:50:17.028726: Pseudo dice [np.float32(0.9207), np.float32(0.9195), np.float32(0.9052), np.float32(0.9047), np.float32(0.6835)]
2026-09-10 14:50:17.041654: Epoch time: 71.45 s
2026-09-10 14:50:17.049591: Yayy! New best EMA pseudo Dice: 0.7993999719619751
2026-09-10 14:50:19.845002: 
2026-09-10 14:50:19.851933: Epoch 23
2026-09-10 14:50:19.860296: Current learning rate: 0.00917
2026-09-10 14:51:29.277114: train_loss -0.6738
2026-09-10 14:51:29.289081: val_loss -0.6645
2026-09-10 14:51:29.302410: Pseudo dice [np.float32(0.9056), np.float32(0.9123), np.float32(0.9227), np.float32(0.9172), np.float32(0.7098)]
2026-09-10 14:51:29.317419: Epoch time: 69.43 s
2026-09-10 14:51:29.332381: Yayy! New best EMA pseudo Dice: 0.8069000244140625
2026-09-10 14:51:32.602785: 
2026-09-10 14:51:32.612763: Epoch 24
2026-09-10 14:51:32.620609: Current learning rate: 0.00913
2026-09-10 14:52:42.981299: train_loss -0.6896
2026-09-10 14:52:43.014932: val_loss -0.6853
2026-09-10 14:52:43.041643: Pseudo dice [np.float32(0.9276), np.float32(0.906), np.float32(0.9202), np.float32(0.9259), np.float32(0.7133)]
2026-09-10 14:52:43.062089: Epoch time: 70.38 s
2026-09-10 14:52:43.076623: Yayy! New best EMA pseudo Dice: 0.8140000104904175
2026-09-10 14:52:47.135631: 
2026-09-10 14:52:47.148270: Epoch 25
2026-09-10 14:52:47.161525: Current learning rate: 0.0091
2026-09-10 14:53:55.044300: train_loss -0.7094
2026-09-10 14:53:55.053162: val_loss -0.6984
2026-09-10 14:53:55.064102: Pseudo dice [np.float32(0.9309), np.float32(0.9206), np.float32(0.9209), np.float32(0.9336), np.float32(0.7179)]
2026-09-10 14:53:55.071717: Epoch time: 67.91 s
2026-09-10 14:53:55.078482: Yayy! New best EMA pseudo Dice: 0.8210999965667725
2026-09-10 14:53:57.318722: 
2026-09-10 14:53:57.325205: Epoch 26
2026-09-10 14:53:57.331618: Current learning rate: 0.00906
2026-09-10 14:55:03.387095: train_loss -0.7087
2026-09-10 14:55:03.394927: val_loss -0.6772
2026-09-10 14:55:03.401769: Pseudo dice [np.float32(0.9315), np.float32(0.923), np.float32(0.9197), np.float32(0.9275), np.float32(0.7015)]
2026-09-10 14:55:03.407906: Epoch time: 66.07 s
2026-09-10 14:55:03.414041: Yayy! New best EMA pseudo Dice: 0.8270999789237976
2026-09-10 14:55:05.809380: 
2026-09-10 14:55:05.816429: Epoch 27
2026-09-10 14:55:05.824601: Current learning rate: 0.00902
2026-09-10 14:56:12.217282: train_loss -0.6968
2026-09-10 14:56:12.228234: val_loss -0.6986
2026-09-10 14:56:12.235700: Pseudo dice [np.float32(0.9384), np.float32(0.9323), np.float32(0.9221), np.float32(0.9291), np.float32(0.7241)]
2026-09-10 14:56:12.244494: Epoch time: 66.41 s
2026-09-10 14:56:12.251626: Yayy! New best EMA pseudo Dice: 0.833299994468689
2026-09-10 14:56:14.891333: 
2026-09-10 14:56:14.899392: Epoch 28
2026-09-10 14:56:14.906017: Current learning rate: 0.00899
2026-09-10 14:57:24.498447: train_loss -0.7046
2026-09-10 14:57:24.507329: val_loss -0.6843
2026-09-10 14:57:24.513420: Pseudo dice [np.float32(0.9416), np.float32(0.9175), np.float32(0.9171), np.float32(0.9133), np.float32(0.7176)]
2026-09-10 14:57:24.520446: Epoch time: 69.61 s
2026-09-10 14:57:24.526527: Yayy! New best EMA pseudo Dice: 0.838100016117096
2026-09-10 14:57:27.726938: 
2026-09-10 14:57:27.736171: Epoch 29
2026-09-10 14:57:27.743736: Current learning rate: 0.00895
2026-09-10 14:58:38.949553: train_loss -0.7116
2026-09-10 14:58:38.960559: val_loss -0.7154
2026-09-10 14:58:38.969928: Pseudo dice [np.float32(0.9396), np.float32(0.9218), np.float32(0.9241), np.float32(0.9194), np.float32(0.7253)]
2026-09-10 14:58:38.978570: Epoch time: 71.22 s
2026-09-10 14:58:38.989471: Yayy! New best EMA pseudo Dice: 0.8428999781608582
2026-09-10 14:58:42.335477: 
2026-09-10 14:58:42.343570: Epoch 30
2026-09-10 14:58:42.351444: Current learning rate: 0.00891
2026-09-10 14:59:53.155296: train_loss -0.72
2026-09-10 14:59:53.181415: val_loss -0.7109
2026-09-10 14:59:53.193482: Pseudo dice [np.float32(0.9384), np.float32(0.9257), np.float32(0.9258), np.float32(0.9267), np.float32(0.7271)]
2026-09-10 14:59:53.204472: Epoch time: 70.82 s
2026-09-10 14:59:53.212505: Yayy! New best EMA pseudo Dice: 0.8475000262260437
2026-09-10 14:59:56.365771: 
2026-09-10 14:59:56.373954: Epoch 31
2026-09-10 14:59:56.381149: Current learning rate: 0.00888
2026-09-10 15:01:07.289805: train_loss -0.715
2026-09-10 15:01:07.299981: val_loss -0.6668
2026-09-10 15:01:07.309214: Pseudo dice [np.float32(0.9122), np.float32(0.9202), np.float32(0.927), np.float32(0.9186), np.float32(0.726)]
2026-09-10 15:01:07.319483: Epoch time: 70.93 s
2026-09-10 15:01:07.327430: Yayy! New best EMA pseudo Dice: 0.8507999777793884
2026-09-10 15:01:10.696012: 
2026-09-10 15:01:10.706189: Epoch 32
2026-09-10 15:01:10.716995: Current learning rate: 0.00884
2026-09-10 15:02:20.949720: train_loss -0.7222
2026-09-10 15:02:20.963503: val_loss -0.7079
2026-09-10 15:02:20.977386: Pseudo dice [np.float32(0.9362), np.float32(0.928), np.float32(0.9298), np.float32(0.9282), np.float32(0.7333)]
2026-09-10 15:02:20.990751: Epoch time: 70.26 s
2026-09-10 15:02:21.004322: Yayy! New best EMA pseudo Dice: 0.8547999858856201
2026-09-10 15:02:24.082353: 
2026-09-10 15:02:24.090532: Epoch 33
2026-09-10 15:02:24.098967: Current learning rate: 0.0088
2026-09-10 15:03:35.429851: train_loss -0.7135
2026-09-10 15:03:35.438196: val_loss -0.697
2026-09-10 15:03:35.445609: Pseudo dice [np.float32(0.9413), np.float32(0.9171), np.float32(0.9251), np.float32(0.9127), np.float32(0.7178)]
2026-09-10 15:03:35.453291: Epoch time: 71.35 s
2026-09-10 15:03:35.460097: Yayy! New best EMA pseudo Dice: 0.8575999736785889
2026-09-10 15:03:37.799362: 
2026-09-10 15:03:37.815475: Epoch 34
2026-09-10 15:03:37.828480: Current learning rate: 0.00877
2026-09-10 15:04:48.346553: train_loss -0.7246
2026-09-10 15:04:48.366677: val_loss -0.7276
2026-09-10 15:04:48.373483: Pseudo dice [np.float32(0.9404), np.float32(0.9235), np.float32(0.9313), np.float32(0.935), np.float32(0.7231)]
2026-09-10 15:04:48.398368: Epoch time: 70.55 s
2026-09-10 15:04:48.406661: Yayy! New best EMA pseudo Dice: 0.8608999848365784
2026-09-10 15:04:51.072000: 
2026-09-10 15:04:51.078576: Epoch 35
2026-09-10 15:04:51.085449: Current learning rate: 0.00873
2026-09-10 15:06:01.370528: train_loss -0.735
2026-09-10 15:06:01.380543: val_loss -0.7095
2026-09-10 15:06:01.387390: Pseudo dice [np.float32(0.9368), np.float32(0.9293), np.float32(0.9213), np.float32(0.9381), np.float32(0.7278)]
2026-09-10 15:06:01.398580: Epoch time: 70.3 s
2026-09-10 15:06:01.408404: Yayy! New best EMA pseudo Dice: 0.8639000058174133
2026-09-10 15:06:04.610573: 
2026-09-10 15:06:04.619877: Epoch 36
2026-09-10 15:06:04.628037: Current learning rate: 0.00869
2026-09-10 15:07:15.690011: train_loss -0.7371
2026-09-10 15:07:15.710385: val_loss -0.7168
2026-09-10 15:07:15.723357: Pseudo dice [np.float32(0.9407), np.float32(0.9269), np.float32(0.9271), np.float32(0.9287), np.float32(0.7337)]
2026-09-10 15:07:15.731771: Epoch time: 71.08 s
2026-09-10 15:07:15.738362: Yayy! New best EMA pseudo Dice: 0.8666999936103821
2026-09-10 15:07:19.983920: 
2026-09-10 15:07:19.993843: Epoch 37
2026-09-10 15:07:20.002048: Current learning rate: 0.00866
2026-09-10 15:08:29.456961: train_loss -0.7395
2026-09-10 15:08:29.467443: val_loss -0.7269
2026-09-10 15:08:29.474354: Pseudo dice [np.float32(0.9387), np.float32(0.9313), np.float32(0.9299), np.float32(0.9315), np.float32(0.7447)]
2026-09-10 15:08:29.480496: Epoch time: 69.48 s
2026-09-10 15:08:29.487672: Yayy! New best EMA pseudo Dice: 0.8694999814033508
2026-09-10 15:08:31.789646: 
2026-09-10 15:08:31.796041: Epoch 38
2026-09-10 15:08:31.802940: Current learning rate: 0.00862
2026-09-10 15:09:41.308652: train_loss -0.7306
2026-09-10 15:09:41.324069: val_loss -0.6985
2026-09-10 15:09:41.337481: Pseudo dice [np.float32(0.927), np.float32(0.9254), np.float32(0.9281), np.float32(0.9172), np.float32(0.7324)]
2026-09-10 15:09:41.348994: Epoch time: 69.52 s
2026-09-10 15:09:41.358810: Yayy! New best EMA pseudo Dice: 0.8712000250816345
2026-09-10 15:09:43.872347: 
2026-09-10 15:09:43.900805: Epoch 39
2026-09-10 15:09:43.925425: Current learning rate: 0.00858
2026-09-10 15:10:55.072775: train_loss -0.7106
2026-09-10 15:10:55.080984: val_loss -0.7195
2026-09-10 15:10:55.087403: Pseudo dice [np.float32(0.9377), np.float32(0.9242), np.float32(0.9296), np.float32(0.9313), np.float32(0.7288)]
2026-09-10 15:10:55.094073: Epoch time: 71.2 s
2026-09-10 15:10:55.100690: Yayy! New best EMA pseudo Dice: 0.8730999827384949
2026-09-10 15:10:58.258617: 
2026-09-10 15:10:58.266535: Epoch 40
2026-09-10 15:10:58.272542: Current learning rate: 0.00855
2026-09-10 15:12:07.866983: train_loss -0.7296
2026-09-10 15:12:07.875266: val_loss -0.7032
2026-09-10 15:12:07.881337: Pseudo dice [np.float32(0.93), np.float32(0.9048), np.float32(0.9321), np.float32(0.9173), np.float32(0.7284)]
2026-09-10 15:12:07.889385: Epoch time: 69.61 s
2026-09-10 15:12:07.897876: Yayy! New best EMA pseudo Dice: 0.8740000128746033
2026-09-10 15:12:10.174941: 
2026-09-10 15:12:10.182936: Epoch 41
2026-09-10 15:12:10.189917: Current learning rate: 0.00851
2026-09-10 15:13:21.211572: train_loss -0.7413
2026-09-10 15:13:21.220353: val_loss -0.7334
2026-09-10 15:13:21.227427: Pseudo dice [np.float32(0.948), np.float32(0.9248), np.float32(0.9292), np.float32(0.9284), np.float32(0.7549)]
2026-09-10 15:13:21.238121: Epoch time: 71.04 s
2026-09-10 15:13:21.268407: Yayy! New best EMA pseudo Dice: 0.8762999773025513
2026-09-10 15:13:24.416337: 
2026-09-10 15:13:24.424972: Epoch 42
2026-09-10 15:13:24.434882: Current learning rate: 0.00847
2026-09-10 15:14:34.714496: train_loss -0.7405
2026-09-10 15:14:34.722612: val_loss -0.721
2026-09-10 15:14:34.729082: Pseudo dice [np.float32(0.9454), np.float32(0.924), np.float32(0.9319), np.float32(0.9296), np.float32(0.7463)]
2026-09-10 15:14:34.736708: Epoch time: 70.3 s
2026-09-10 15:14:34.744460: Yayy! New best EMA pseudo Dice: 0.8781999945640564
2026-09-10 15:14:37.180639: 
2026-09-10 15:14:37.200342: Epoch 43
2026-09-10 15:14:37.208275: Current learning rate: 0.00844
2026-09-10 15:15:47.870441: train_loss -0.7376
2026-09-10 15:15:47.881753: val_loss -0.7225
2026-09-10 15:15:47.888818: Pseudo dice [np.float32(0.9354), np.float32(0.9239), np.float32(0.9253), np.float32(0.9242), np.float32(0.7378)]
2026-09-10 15:15:47.898487: Epoch time: 70.69 s
2026-09-10 15:15:47.906294: Yayy! New best EMA pseudo Dice: 0.8792999982833862
2026-09-10 15:15:51.059743: 
2026-09-10 15:15:51.066407: Epoch 44
2026-09-10 15:15:51.073375: Current learning rate: 0.0084
2026-09-10 15:17:01.742584: train_loss -0.7366
2026-09-10 15:17:01.750355: val_loss -0.7368
2026-09-10 15:17:01.758160: Pseudo dice [np.float32(0.9365), np.float32(0.9378), np.float32(0.9354), np.float32(0.9392), np.float32(0.7421)]
2026-09-10 15:17:01.764666: Epoch time: 70.68 s
2026-09-10 15:17:01.773064: Yayy! New best EMA pseudo Dice: 0.8812000155448914
2026-09-10 15:17:04.132774: 
2026-09-10 15:17:04.138974: Epoch 45
2026-09-10 15:17:04.145812: Current learning rate: 0.00836
2026-09-10 15:18:14.623388: train_loss -0.7466
2026-09-10 15:18:14.641600: val_loss -0.7393
2026-09-10 15:18:14.651688: Pseudo dice [np.float32(0.9482), np.float32(0.9363), np.float32(0.9264), np.float32(0.9387), np.float32(0.75)]
2026-09-10 15:18:14.662434: Epoch time: 70.49 s
2026-09-10 15:18:14.672559: Yayy! New best EMA pseudo Dice: 0.8830999732017517
2026-09-10 15:18:17.832805: 
2026-09-10 15:18:17.852285: Epoch 46
2026-09-10 15:18:17.872422: Current learning rate: 0.00833
2026-09-10 15:19:25.136601: train_loss -0.7426
2026-09-10 15:19:25.145494: val_loss -0.7271
2026-09-10 15:19:25.152878: Pseudo dice [np.float32(0.939), np.float32(0.9285), np.float32(0.9348), np.float32(0.9268), np.float32(0.7504)]
2026-09-10 15:19:25.159767: Epoch time: 67.31 s
2026-09-10 15:19:25.166621: Yayy! New best EMA pseudo Dice: 0.8844000101089478
2026-09-10 15:19:28.239321: 
2026-09-10 15:19:28.247258: Epoch 47
2026-09-10 15:19:28.256167: Current learning rate: 0.00829
2026-09-10 15:20:35.858638: train_loss -0.7582
2026-09-10 15:20:35.873681: val_loss -0.734
2026-09-10 15:20:35.881864: Pseudo dice [np.float32(0.9438), np.float32(0.9369), np.float32(0.9255), np.float32(0.9343), np.float32(0.7567)]
2026-09-10 15:20:35.888240: Epoch time: 67.62 s
2026-09-10 15:20:35.896723: Yayy! New best EMA pseudo Dice: 0.8859000205993652
2026-09-10 15:20:38.952069: 
2026-09-10 15:20:38.963420: Epoch 48
2026-09-10 15:20:38.971753: Current learning rate: 0.00825
2026-09-10 15:21:46.208252: train_loss -0.7508
2026-09-10 15:21:46.246928: val_loss -0.7266
2026-09-10 15:21:46.274791: Pseudo dice [np.float32(0.9433), np.float32(0.9295), np.float32(0.927), np.float32(0.9305), np.float32(0.7381)]
2026-09-10 15:21:46.294644: Epoch time: 67.26 s
2026-09-10 15:21:46.303774: Yayy! New best EMA pseudo Dice: 0.8866999745368958
2026-09-10 15:21:48.602522: 
2026-09-10 15:21:48.611985: Epoch 49
2026-09-10 15:21:48.618641: Current learning rate: 0.00822
2026-09-10 15:22:58.955822: train_loss -0.7393
2026-09-10 15:22:58.965853: val_loss -0.7174
2026-09-10 15:22:58.972911: Pseudo dice [np.float32(0.9298), np.float32(0.927), np.float32(0.9261), np.float32(0.9337), np.float32(0.7497)]
2026-09-10 15:22:58.992485: Epoch time: 70.35 s
2026-09-10 15:23:00.170473: Yayy! New best EMA pseudo Dice: 0.8873000144958496
2026-09-10 15:23:03.228503: 
2026-09-10 15:23:03.237690: Epoch 50
2026-09-10 15:23:03.248395: Current learning rate: 0.00818
2026-09-10 15:24:12.864667: train_loss -0.7492
2026-09-10 15:24:12.875305: val_loss -0.7301
2026-09-10 15:24:12.884397: Pseudo dice [np.float32(0.94), np.float32(0.936), np.float32(0.9262), np.float32(0.9297), np.float32(0.7478)]
2026-09-10 15:24:12.895734: Epoch time: 69.64 s
2026-09-10 15:24:12.904886: Yayy! New best EMA pseudo Dice: 0.8881999850273132
2026-09-10 15:24:16.204113: 
2026-09-10 15:24:16.215300: Epoch 51
2026-09-10 15:24:16.232496: Current learning rate: 0.00814
2026-09-10 15:25:26.618742: train_loss -0.7579
2026-09-10 15:25:26.626536: val_loss -0.7273
2026-09-10 15:25:26.633428: Pseudo dice [np.float32(0.941), np.float32(0.9352), np.float32(0.9332), np.float32(0.9364), np.float32(0.7562)]
2026-09-10 15:25:26.642127: Epoch time: 70.42 s
2026-09-10 15:25:26.650104: Yayy! New best EMA pseudo Dice: 0.8894000053405762
2026-09-10 15:25:29.954993: 
2026-09-10 15:25:29.963254: Epoch 52
2026-09-10 15:25:29.973565: Current learning rate: 0.00811
2026-09-10 15:26:40.976553: train_loss -0.7537
2026-09-10 15:26:40.984788: val_loss -0.7287
2026-09-10 15:26:40.994436: Pseudo dice [np.float32(0.9393), np.float32(0.9281), np.float32(0.9264), np.float32(0.9321), np.float32(0.7437)]
2026-09-10 15:26:41.003201: Epoch time: 71.02 s
2026-09-10 15:26:41.016035: Yayy! New best EMA pseudo Dice: 0.8899000287055969
2026-09-10 15:26:44.212255: 
2026-09-10 15:26:44.221148: Epoch 53
2026-09-10 15:26:44.231368: Current learning rate: 0.00807
2026-09-10 15:27:54.063104: train_loss -0.7481
2026-09-10 15:27:54.072572: val_loss -0.7425
2026-09-10 15:27:54.082490: Pseudo dice [np.float32(0.9437), np.float32(0.9264), np.float32(0.9277), np.float32(0.9306), np.float32(0.7453)]
2026-09-10 15:27:54.092621: Epoch time: 69.85 s
2026-09-10 15:27:54.100880: Yayy! New best EMA pseudo Dice: 0.8903999924659729
2026-09-10 15:27:57.217371: 
2026-09-10 15:27:57.229910: Epoch 54
2026-09-10 15:27:57.236715: Current learning rate: 0.00803
2026-09-10 15:29:07.891207: train_loss -0.7559
2026-09-10 15:29:07.899967: val_loss -0.7116
2026-09-10 15:29:07.906973: Pseudo dice [np.float32(0.9308), np.float32(0.9281), np.float32(0.9305), np.float32(0.9309), np.float32(0.74)]
2026-09-10 15:29:07.913050: Epoch time: 70.68 s
2026-09-10 15:29:07.920485: Yayy! New best EMA pseudo Dice: 0.890500009059906
2026-09-10 15:29:11.083495: 
2026-09-10 15:29:11.089808: Epoch 55
2026-09-10 15:29:11.098716: Current learning rate: 0.008
2026-09-10 15:30:21.398776: train_loss -0.7563
2026-09-10 15:30:21.438517: val_loss -0.718
2026-09-10 15:30:21.464673: Pseudo dice [np.float32(0.9284), np.float32(0.9285), np.float32(0.926), np.float32(0.9374), np.float32(0.7379)]
2026-09-10 15:30:21.490906: Epoch time: 70.32 s
2026-09-10 15:30:21.515658: Yayy! New best EMA pseudo Dice: 0.8906000256538391
2026-09-10 15:30:24.706081: 
2026-09-10 15:30:24.716479: Epoch 56
2026-09-10 15:30:24.728527: Current learning rate: 0.00796
2026-09-10 15:31:34.992520: train_loss -0.7461
2026-09-10 15:31:35.096463: val_loss -0.7477
2026-09-10 15:31:35.162485: Pseudo dice [np.float32(0.9492), np.float32(0.9361), np.float32(0.936), np.float32(0.9347), np.float32(0.7628)]
2026-09-10 15:31:35.223845: Epoch time: 70.29 s
2026-09-10 15:31:35.330271: Yayy! New best EMA pseudo Dice: 0.8919000029563904
2026-09-10 15:31:39.041106: 
2026-09-10 15:31:39.062357: Epoch 57
2026-09-10 15:31:39.071068: Current learning rate: 0.00792
2026-09-10 15:32:50.288321: train_loss -0.7636
2026-09-10 15:32:50.301182: val_loss -0.7502
2026-09-10 15:32:50.307973: Pseudo dice [np.float32(0.9489), np.float32(0.9365), np.float32(0.9301), np.float32(0.9371), np.float32(0.7421)]
2026-09-10 15:32:50.314505: Epoch time: 71.25 s
2026-09-10 15:32:50.320833: Yayy! New best EMA pseudo Dice: 0.8925999999046326
2026-09-10 15:32:52.685496: 
2026-09-10 15:32:52.692955: Epoch 58
2026-09-10 15:32:52.700442: Current learning rate: 0.00789
2026-09-10 15:34:04.790027: train_loss -0.7713
2026-09-10 15:34:04.800323: val_loss -0.743
2026-09-10 15:34:04.807247: Pseudo dice [np.float32(0.9438), np.float32(0.9365), np.float32(0.9313), np.float32(0.9394), np.float32(0.7559)]
2026-09-10 15:34:04.815989: Epoch time: 72.11 s
2026-09-10 15:34:04.824630: Yayy! New best EMA pseudo Dice: 0.8934999704360962
2026-09-10 15:34:07.356651: 
2026-09-10 15:34:07.365441: Epoch 59
2026-09-10 15:34:07.372265: Current learning rate: 0.00785
2026-09-10 15:35:19.560870: train_loss -0.7742
2026-09-10 15:35:19.590019: val_loss -0.7333
2026-09-10 15:35:19.621930: Pseudo dice [np.float32(0.9361), np.float32(0.9341), np.float32(0.9247), np.float32(0.9381), np.float32(0.7506)]
2026-09-10 15:35:19.650489: Epoch time: 72.21 s
2026-09-10 15:35:19.674351: Yayy! New best EMA pseudo Dice: 0.8938000202178955
2026-09-10 15:35:22.084508: 
2026-09-10 15:35:22.108167: Epoch 60
2026-09-10 15:35:22.126406: Current learning rate: 0.00781
2026-09-10 15:36:32.943657: train_loss -0.7674
2026-09-10 15:36:33.012676: val_loss -0.7286
2026-09-10 15:36:33.032969: Pseudo dice [np.float32(0.9382), np.float32(0.9333), np.float32(0.9339), np.float32(0.9415), np.float32(0.7437)]
2026-09-10 15:36:33.050547: Epoch time: 70.86 s
2026-09-10 15:36:33.076957: Yayy! New best EMA pseudo Dice: 0.8942999839782715
2026-09-10 15:36:35.549552: 
2026-09-10 15:36:35.558931: Epoch 61
2026-09-10 15:36:35.566522: Current learning rate: 0.00777
2026-09-10 15:37:46.909651: train_loss -0.7703
2026-09-10 15:37:46.918597: val_loss -0.7596
2026-09-10 15:37:46.925438: Pseudo dice [np.float32(0.9479), np.float32(0.9372), np.float32(0.9334), np.float32(0.9415), np.float32(0.7688)]
2026-09-10 15:37:46.931453: Epoch time: 71.36 s
2026-09-10 15:37:46.937342: Yayy! New best EMA pseudo Dice: 0.8953999876976013
2026-09-10 15:37:50.084574: 
2026-09-10 15:37:50.097358: Epoch 62
2026-09-10 15:37:50.105820: Current learning rate: 0.00774
2026-09-10 15:39:00.923156: train_loss -0.7675
2026-09-10 15:39:00.933531: val_loss -0.7574
2026-09-10 15:39:00.942622: Pseudo dice [np.float32(0.9527), np.float32(0.9383), np.float32(0.94), np.float32(0.9382), np.float32(0.7556)]
2026-09-10 15:39:00.950504: Epoch time: 70.84 s
2026-09-10 15:39:00.962048: Yayy! New best EMA pseudo Dice: 0.896399974822998
2026-09-10 15:39:04.983527: 
2026-09-10 15:39:04.993755: Epoch 63
2026-09-10 15:39:05.005436: Current learning rate: 0.0077
2026-09-10 15:40:15.170745: train_loss -0.7729
2026-09-10 15:40:15.179619: val_loss -0.745
2026-09-10 15:40:15.187834: Pseudo dice [np.float32(0.9423), np.float32(0.9334), np.float32(0.9283), np.float32(0.9414), np.float32(0.7552)]
2026-09-10 15:40:15.195270: Epoch time: 70.19 s
2026-09-10 15:40:15.201995: Yayy! New best EMA pseudo Dice: 0.8967000246047974
2026-09-10 15:40:17.375539: 
2026-09-10 15:40:17.385829: Epoch 64
2026-09-10 15:40:17.393026: Current learning rate: 0.00766
2026-09-10 15:41:27.944128: train_loss -0.7731
2026-09-10 15:41:27.951926: val_loss -0.7317
2026-09-10 15:41:27.959702: Pseudo dice [np.float32(0.9494), np.float32(0.9298), np.float32(0.9332), np.float32(0.9338), np.float32(0.7407)]
2026-09-10 15:41:27.968383: Epoch time: 70.57 s
2026-09-10 15:41:27.975110: Yayy! New best EMA pseudo Dice: 0.8967999815940857
2026-09-10 15:41:30.196142: 
2026-09-10 15:41:30.202675: Epoch 65
2026-09-10 15:41:30.214321: Current learning rate: 0.00763
2026-09-10 15:42:41.392501: train_loss -0.7765
2026-09-10 15:42:41.407571: val_loss -0.7427
2026-09-10 15:42:41.415653: Pseudo dice [np.float32(0.9498), np.float32(0.9313), np.float32(0.926), np.float32(0.9356), np.float32(0.749)]
2026-09-10 15:42:41.423211: Epoch time: 71.2 s
2026-09-10 15:42:41.430315: Yayy! New best EMA pseudo Dice: 0.8970000147819519
2026-09-10 15:42:44.517129: 
2026-09-10 15:42:44.529780: Epoch 66
2026-09-10 15:42:44.537553: Current learning rate: 0.00759
2026-09-10 15:43:52.995180: train_loss -0.7782
2026-09-10 15:43:53.005867: val_loss -0.7422
2026-09-10 15:43:53.013182: Pseudo dice [np.float32(0.9473), np.float32(0.938), np.float32(0.9331), np.float32(0.9387), np.float32(0.751)]
2026-09-10 15:43:53.020632: Epoch time: 68.48 s
2026-09-10 15:43:53.027507: Yayy! New best EMA pseudo Dice: 0.8974000215530396
2026-09-10 15:43:56.083778: 
2026-09-10 15:43:56.094235: Epoch 67
2026-09-10 15:43:56.101773: Current learning rate: 0.00755
2026-09-10 15:45:03.789852: train_loss -0.7825
2026-09-10 15:45:03.798832: val_loss -0.7501
2026-09-10 15:45:03.805858: Pseudo dice [np.float32(0.9529), np.float32(0.9376), np.float32(0.9318), np.float32(0.9381), np.float32(0.7502)]
2026-09-10 15:45:03.814188: Epoch time: 67.71 s
2026-09-10 15:45:03.822442: Yayy! New best EMA pseudo Dice: 0.8978999853134155
2026-09-10 15:45:06.976583: 
2026-09-10 15:45:06.983287: Epoch 68
2026-09-10 15:45:06.989571: Current learning rate: 0.00751
2026-09-10 15:46:13.288339: train_loss -0.7767
2026-09-10 15:46:13.300405: val_loss -0.7285
2026-09-10 15:46:13.310209: Pseudo dice [np.float32(0.9324), np.float32(0.9313), np.float32(0.9289), np.float32(0.9374), np.float32(0.7582)]
2026-09-10 15:46:13.320859: Epoch time: 66.31 s
2026-09-10 15:46:15.411015: 
2026-09-10 15:46:15.418346: Epoch 69
2026-09-10 15:46:15.425303: Current learning rate: 0.00748
2026-09-10 15:47:23.886176: train_loss -0.776
2026-09-10 15:47:23.894583: val_loss -0.734
2026-09-10 15:47:23.902375: Pseudo dice [np.float32(0.9381), np.float32(0.9334), np.float32(0.9337), np.float32(0.9388), np.float32(0.7551)]
2026-09-10 15:47:23.910228: Epoch time: 68.48 s
2026-09-10 15:47:23.916913: Yayy! New best EMA pseudo Dice: 0.8981000185012817
2026-09-10 15:47:26.324739: 
2026-09-10 15:47:26.332530: Epoch 70
2026-09-10 15:47:26.340112: Current learning rate: 0.00744
2026-09-10 15:48:38.432608: train_loss -0.777
2026-09-10 15:48:38.440812: val_loss -0.7398
2026-09-10 15:48:38.448051: Pseudo dice [np.float32(0.9482), np.float32(0.9319), np.float32(0.9316), np.float32(0.9306), np.float32(0.7592)]
2026-09-10 15:48:38.455842: Epoch time: 72.11 s
2026-09-10 15:48:38.463678: Yayy! New best EMA pseudo Dice: 0.8982999920845032
2026-09-10 15:48:40.752338: 
2026-09-10 15:48:40.760711: Epoch 71
2026-09-10 15:48:40.767359: Current learning rate: 0.0074
2026-09-10 15:49:51.540660: train_loss -0.7782
2026-09-10 15:49:51.550413: val_loss -0.7335
2026-09-10 15:49:51.559450: Pseudo dice [np.float32(0.9461), np.float32(0.9347), np.float32(0.9375), np.float32(0.9401), np.float32(0.7488)]
2026-09-10 15:49:51.569410: Epoch time: 70.79 s
2026-09-10 15:49:51.580408: Yayy! New best EMA pseudo Dice: 0.8985999822616577
2026-09-10 15:49:55.016564: 
2026-09-10 15:49:55.041782: Epoch 72
2026-09-10 15:49:55.051277: Current learning rate: 0.00737
2026-09-10 15:51:07.705286: train_loss -0.7762
2026-09-10 15:51:07.717411: val_loss -0.7531
2026-09-10 15:51:07.726726: Pseudo dice [np.float32(0.9475), np.float32(0.9396), np.float32(0.9363), np.float32(0.9414), np.float32(0.7518)]
2026-09-10 15:51:07.735950: Epoch time: 72.69 s
2026-09-10 15:51:07.750435: Yayy! New best EMA pseudo Dice: 0.8991000056266785
2026-09-10 15:51:10.910641: 
2026-09-10 15:51:10.924399: Epoch 73
2026-09-10 15:51:10.939674: Current learning rate: 0.00733
2026-09-10 15:52:22.156971: train_loss -0.7833
2026-09-10 15:52:22.177583: val_loss -0.7514
2026-09-10 15:52:22.185133: Pseudo dice [np.float32(0.9472), np.float32(0.9389), np.float32(0.9348), np.float32(0.9426), np.float32(0.7475)]
2026-09-10 15:52:22.191885: Epoch time: 71.25 s
2026-09-10 15:52:22.199245: Yayy! New best EMA pseudo Dice: 0.899399995803833
2026-09-10 15:52:25.437016: 
2026-09-10 15:52:25.447082: Epoch 74
2026-09-10 15:52:25.455564: Current learning rate: 0.00729
2026-09-10 15:53:34.256545: train_loss -0.7805
2026-09-10 15:53:34.275499: val_loss -0.7334
2026-09-10 15:53:34.286285: Pseudo dice [np.float32(0.9374), np.float32(0.9296), np.float32(0.9303), np.float32(0.937), np.float32(0.7574)]
2026-09-10 15:53:34.306238: Epoch time: 68.82 s
2026-09-10 15:53:36.405365: 
2026-09-10 15:53:36.419550: Epoch 75
2026-09-10 15:53:36.439582: Current learning rate: 0.00725
2026-09-10 15:54:46.713362: train_loss -0.7913
2026-09-10 15:54:46.727402: val_loss -0.7471
2026-09-10 15:54:46.737521: Pseudo dice [np.float32(0.9442), np.float32(0.9394), np.float32(0.9341), np.float32(0.9446), np.float32(0.7561)]
2026-09-10 15:54:46.746554: Epoch time: 70.31 s
2026-09-10 15:54:46.758421: Yayy! New best EMA pseudo Dice: 0.8996999859809875
2026-09-10 15:54:50.766304: 
2026-09-10 15:54:50.790331: Epoch 76
2026-09-10 15:54:50.801276: Current learning rate: 0.00722
2026-09-10 15:56:01.032697: train_loss -0.7783
2026-09-10 15:56:01.042319: val_loss -0.7388
2026-09-10 15:56:01.049577: Pseudo dice [np.float32(0.9444), np.float32(0.9321), np.float32(0.9359), np.float32(0.9382), np.float32(0.7419)]
2026-09-10 15:56:01.056214: Epoch time: 70.27 s
2026-09-10 15:56:02.346481: 
2026-09-10 15:56:02.353572: Epoch 77
2026-09-10 15:56:02.360560: Current learning rate: 0.00718
2026-09-10 15:57:11.859413: train_loss -0.7808
2026-09-10 15:57:11.868315: val_loss -0.7451
2026-09-10 15:57:11.876838: Pseudo dice [np.float32(0.9432), np.float32(0.9345), np.float32(0.9323), np.float32(0.9389), np.float32(0.7658)]
2026-09-10 15:57:11.883517: Epoch time: 69.51 s
2026-09-10 15:57:11.889762: Yayy! New best EMA pseudo Dice: 0.8999000191688538
2026-09-10 15:57:14.570289: 
2026-09-10 15:57:14.578414: Epoch 78
2026-09-10 15:57:14.587298: Current learning rate: 0.00714
2026-09-10 15:58:25.877728: train_loss -0.7725
2026-09-10 15:58:25.890352: val_loss -0.6906
2026-09-10 15:58:25.897573: Pseudo dice [np.float32(0.905), np.float32(0.9212), np.float32(0.9236), np.float32(0.9292), np.float32(0.7342)]
2026-09-10 15:58:25.906035: Epoch time: 71.31 s
2026-09-10 15:58:27.898288: 
2026-09-10 15:58:27.905771: Epoch 79
2026-09-10 15:58:27.914683: Current learning rate: 0.0071
2026-09-10 15:59:38.929007: train_loss -0.7757
2026-09-10 15:59:38.940047: val_loss -0.749
2026-09-10 15:59:38.951445: Pseudo dice [np.float32(0.9463), np.float32(0.938), np.float32(0.935), np.float32(0.9416), np.float32(0.7533)]
2026-09-10 15:59:38.961996: Epoch time: 71.03 s
2026-09-10 15:59:40.969723: 
2026-09-10 15:59:40.977265: Epoch 80
2026-09-10 15:59:40.987137: Current learning rate: 0.00707
2026-09-10 16:00:52.145781: train_loss -0.775
2026-09-10 16:00:52.155540: val_loss -0.7467
2026-09-10 16:00:52.166007: Pseudo dice [np.float32(0.9407), np.float32(0.9342), np.float32(0.9338), np.float32(0.9419), np.float32(0.7612)]
2026-09-10 16:00:52.177360: Epoch time: 71.18 s
2026-09-10 16:00:53.483284: 
2026-09-10 16:00:53.489635: Epoch 81
2026-09-10 16:00:53.496767: Current learning rate: 0.00703
2026-09-10 16:02:03.138228: train_loss -0.772
2026-09-10 16:02:03.167983: val_loss -0.731
2026-09-10 16:02:03.205379: Pseudo dice [np.float32(0.9481), np.float32(0.9339), np.float32(0.9266), np.float32(0.9294), np.float32(0.7568)]
2026-09-10 16:02:03.229520: Epoch time: 69.66 s
2026-09-10 16:02:04.820583: 
2026-09-10 16:02:04.827324: Epoch 82
2026-09-10 16:02:04.833792: Current learning rate: 0.00699
2026-09-10 16:03:14.282527: train_loss -0.7767
2026-09-10 16:03:14.299390: val_loss -0.7076
2026-09-10 16:03:14.315553: Pseudo dice [np.float32(0.9383), np.float32(0.9289), np.float32(0.9259), np.float32(0.9238), np.float32(0.7481)]
2026-09-10 16:03:14.327718: Epoch time: 69.46 s
2026-09-10 16:03:16.301610: 
2026-09-10 16:03:16.317320: Epoch 83
2026-09-10 16:03:16.329529: Current learning rate: 0.00696
2026-09-10 16:04:27.960941: train_loss -0.7687
2026-09-10 16:04:27.971112: val_loss -0.7493
2026-09-10 16:04:27.980042: Pseudo dice [np.float32(0.9426), np.float32(0.9316), np.float32(0.9322), np.float32(0.9342), np.float32(0.7462)]
2026-09-10 16:04:27.990851: Epoch time: 71.66 s
2026-09-10 16:04:29.923120: 
2026-09-10 16:04:29.933207: Epoch 84
2026-09-10 16:04:29.948016: Current learning rate: 0.00692
2026-09-10 16:05:41.322128: train_loss -0.7817
2026-09-10 16:05:41.332449: val_loss -0.7361
2026-09-10 16:05:41.340505: Pseudo dice [np.float32(0.9408), np.float32(0.9287), np.float32(0.9316), np.float32(0.9366), np.float32(0.7449)]
2026-09-10 16:05:41.345738: Epoch time: 71.4 s
2026-09-10 16:05:42.656075: 
2026-09-10 16:05:42.663475: Epoch 85
2026-09-10 16:05:42.670267: Current learning rate: 0.00688
2026-09-10 16:06:52.961377: train_loss -0.7835
2026-09-10 16:06:52.971614: val_loss -0.7502
2026-09-10 16:06:52.978001: Pseudo dice [np.float32(0.946), np.float32(0.9379), np.float32(0.933), np.float32(0.942), np.float32(0.7656)]
2026-09-10 16:06:52.983755: Epoch time: 70.31 s
2026-09-10 16:06:54.257849: 
2026-09-10 16:06:54.264734: Epoch 86
2026-09-10 16:06:54.271407: Current learning rate: 0.00684
2026-09-10 16:08:06.353688: train_loss -0.7866
2026-09-10 16:08:06.363869: val_loss -0.735
2026-09-10 16:08:06.370663: Pseudo dice [np.float32(0.9337), np.float32(0.9325), np.float32(0.9309), np.float32(0.9408), np.float32(0.7591)]
2026-09-10 16:08:06.377460: Epoch time: 72.1 s
2026-09-10 16:08:08.273560: 
2026-09-10 16:08:08.282434: Epoch 87
2026-09-10 16:08:08.290002: Current learning rate: 0.0068
2026-09-10 16:09:16.004419: train_loss -0.7702
2026-09-10 16:09:16.014782: val_loss -0.7385
2026-09-10 16:09:16.023641: Pseudo dice [np.float32(0.9424), np.float32(0.9322), np.float32(0.9275), np.float32(0.9309), np.float32(0.7528)]
2026-09-10 16:09:16.031974: Epoch time: 67.73 s
2026-09-10 16:09:18.608968: 
2026-09-10 16:09:18.618828: Epoch 88
2026-09-10 16:09:18.637733: Current learning rate: 0.00677
2026-09-10 16:10:25.021748: train_loss -0.7889
2026-09-10 16:10:25.034326: val_loss -0.7335
2026-09-10 16:10:25.062405: Pseudo dice [np.float32(0.9367), np.float32(0.9358), np.float32(0.9309), np.float32(0.9391), np.float32(0.7513)]
2026-09-10 16:10:25.072617: Epoch time: 66.41 s
2026-09-10 16:10:27.122029: 
2026-09-10 16:10:27.132505: Epoch 89
2026-09-10 16:10:27.139436: Current learning rate: 0.00673
2026-09-10 16:11:34.273818: train_loss -0.7931
2026-09-10 16:11:34.282434: val_loss -0.7441
2026-09-10 16:11:34.290030: Pseudo dice [np.float32(0.943), np.float32(0.9357), np.float32(0.9352), np.float32(0.9308), np.float32(0.7658)]
2026-09-10 16:11:34.302354: Epoch time: 67.15 s
2026-09-10 16:11:36.221022: 
2026-09-10 16:11:36.230520: Epoch 90
2026-09-10 16:11:36.243419: Current learning rate: 0.00669
2026-09-10 16:12:45.463733: train_loss -0.7979
2026-09-10 16:12:45.483222: val_loss -0.7515
2026-09-10 16:12:45.494509: Pseudo dice [np.float32(0.9451), np.float32(0.9374), np.float32(0.9341), np.float32(0.9389), np.float32(0.7613)]
2026-09-10 16:12:45.509105: Epoch time: 69.24 s
2026-09-10 16:12:47.520314: 
2026-09-10 16:12:47.538261: Epoch 91
2026-09-10 16:12:47.551930: Current learning rate: 0.00665
2026-09-10 16:13:58.744773: train_loss -0.7921
2026-09-10 16:13:58.757597: val_loss -0.746
2026-09-10 16:13:58.764066: Pseudo dice [np.float32(0.9402), np.float32(0.9348), np.float32(0.9354), np.float32(0.9425), np.float32(0.7613)]
2026-09-10 16:13:58.771320: Epoch time: 71.23 s
2026-09-10 16:14:00.191185: 
2026-09-10 16:14:00.202432: Epoch 92
2026-09-10 16:14:00.209300: Current learning rate: 0.00662
2026-09-10 16:15:10.880021: train_loss -0.7934
2026-09-10 16:15:10.888009: val_loss -0.7551
2026-09-10 16:15:10.894970: Pseudo dice [np.float32(0.9526), np.float32(0.9422), np.float32(0.9337), np.float32(0.9407), np.float32(0.7634)]
2026-09-10 16:15:10.901698: Epoch time: 70.69 s
2026-09-10 16:15:10.908159: Yayy! New best EMA pseudo Dice: 0.9004999995231628
2026-09-10 16:15:13.294695: 
2026-09-10 16:15:13.305712: Epoch 93
2026-09-10 16:15:13.315592: Current learning rate: 0.00658
2026-09-10 16:16:24.649934: train_loss -0.7892
2026-09-10 16:16:24.658741: val_loss -0.7443
2026-09-10 16:16:24.666083: Pseudo dice [np.float32(0.9412), np.float32(0.9335), np.float32(0.935), np.float32(0.9391), np.float32(0.7671)]
2026-09-10 16:16:24.674121: Epoch time: 71.36 s
2026-09-10 16:16:24.680955: Yayy! New best EMA pseudo Dice: 0.9007999897003174
2026-09-10 16:16:27.918467: 
2026-09-10 16:16:27.925955: Epoch 94
2026-09-10 16:16:27.933654: Current learning rate: 0.00654
2026-09-10 16:17:38.793017: train_loss -0.7798
2026-09-10 16:17:38.802602: val_loss -0.7307
2026-09-10 16:17:38.808983: Pseudo dice [np.float32(0.9379), np.float32(0.9251), np.float32(0.9319), np.float32(0.9324), np.float32(0.7618)]
2026-09-10 16:17:38.815529: Epoch time: 70.88 s
2026-09-10 16:17:40.301770: 
2026-09-10 16:17:40.310146: Epoch 95
2026-09-10 16:17:40.319360: Current learning rate: 0.0065
2026-09-10 16:18:50.810279: train_loss -0.7933
2026-09-10 16:18:50.818625: val_loss -0.7346
2026-09-10 16:18:50.827461: Pseudo dice [np.float32(0.9429), np.float32(0.9393), np.float32(0.9283), np.float32(0.9366), np.float32(0.7562)]
2026-09-10 16:18:50.834751: Epoch time: 70.51 s
2026-09-10 16:18:52.816606: 
2026-09-10 16:18:52.824040: Epoch 96
2026-09-10 16:18:52.832580: Current learning rate: 0.00647
2026-09-10 16:20:04.050278: train_loss -0.7933
2026-09-10 16:20:04.060876: val_loss -0.7369
2026-09-10 16:20:04.067711: Pseudo dice [np.float32(0.9479), np.float32(0.9354), np.float32(0.9348), np.float32(0.941), np.float32(0.7498)]
2026-09-10 16:20:04.074830: Epoch time: 71.24 s
2026-09-10 16:20:05.394328: 
2026-09-10 16:20:05.417829: Epoch 97
2026-09-10 16:20:05.424950: Current learning rate: 0.00643
2026-09-10 16:21:16.705301: train_loss -0.7947
2026-09-10 16:21:16.722488: val_loss -0.7512
2026-09-10 16:21:16.734700: Pseudo dice [np.float32(0.9498), np.float32(0.9352), np.float32(0.9308), np.float32(0.9351), np.float32(0.7507)]
2026-09-10 16:21:16.746454: Epoch time: 71.31 s
2026-09-10 16:21:18.406907: 
2026-09-10 16:21:18.413549: Epoch 98
2026-09-10 16:21:18.420033: Current learning rate: 0.00639
2026-09-10 16:22:28.773057: train_loss -0.8008
2026-09-10 16:22:28.783491: val_loss -0.7492
2026-09-10 16:22:28.794313: Pseudo dice [np.float32(0.9442), np.float32(0.9403), np.float32(0.9342), np.float32(0.9443), np.float32(0.7637)]
2026-09-10 16:22:28.802047: Epoch time: 70.37 s
2026-09-10 16:22:28.811150: Yayy! New best EMA pseudo Dice: 0.9010999798774719
2026-09-10 16:22:32.003398: 
2026-09-10 16:22:32.016320: Epoch 99
2026-09-10 16:22:32.034688: Current learning rate: 0.00635
2026-09-10 16:23:42.293719: train_loss -0.8004
2026-09-10 16:23:42.348487: val_loss -0.7517
2026-09-10 16:23:42.384767: Pseudo dice [np.float32(0.9509), np.float32(0.9389), np.float32(0.9314), np.float32(0.9406), np.float32(0.7481)]
2026-09-10 16:23:42.419181: Epoch time: 70.29 s
2026-09-10 16:23:43.764581: Yayy! New best EMA pseudo Dice: 0.9010999798774719
2026-09-10 16:23:47.001293: 
2026-09-10 16:23:47.016270: Epoch 100
2026-09-10 16:23:47.028559: Current learning rate: 0.00631
2026-09-10 16:24:56.653235: train_loss -0.7963
2026-09-10 16:24:56.665220: val_loss -0.7382
2026-09-10 16:24:56.671972: Pseudo dice [np.float32(0.9404), np.float32(0.9394), np.float32(0.933), np.float32(0.9405), np.float32(0.7609)]
2026-09-10 16:24:56.678537: Epoch time: 69.65 s
2026-09-10 16:24:56.693275: Yayy! New best EMA pseudo Dice: 0.9013000130653381
2026-09-10 16:24:59.629524: 
2026-09-10 16:24:59.655359: Epoch 101
2026-09-10 16:24:59.662905: Current learning rate: 0.00628
2026-09-10 16:26:10.813138: train_loss -0.795
2026-09-10 16:26:10.822741: val_loss -0.7206
2026-09-10 16:26:10.829000: Pseudo dice [np.float32(0.9334), np.float32(0.9316), np.float32(0.9277), np.float32(0.9349), np.float32(0.7463)]
2026-09-10 16:26:10.835596: Epoch time: 71.19 s
2026-09-10 16:26:12.107793: 
2026-09-10 16:26:12.114608: Epoch 102
2026-09-10 16:26:12.120860: Current learning rate: 0.00624
2026-09-10 16:27:22.595710: train_loss -0.7843
2026-09-10 16:27:22.603897: val_loss -0.7171
2026-09-10 16:27:22.611037: Pseudo dice [np.float32(0.9284), np.float32(0.9309), np.float32(0.9252), np.float32(0.9376), np.float32(0.7437)]
2026-09-10 16:27:22.630688: Epoch time: 70.49 s
2026-09-10 16:27:23.929464: 
2026-09-10 16:27:23.948427: Epoch 103
2026-09-10 16:27:23.955281: Current learning rate: 0.0062
2026-09-10 16:28:34.253368: train_loss -0.7923
2026-09-10 16:28:34.270374: val_loss -0.748
2026-09-10 16:28:34.281095: Pseudo dice [np.float32(0.9491), np.float32(0.9359), np.float32(0.9347), np.float32(0.9434), np.float32(0.765)]
2026-09-10 16:28:34.289722: Epoch time: 70.33 s
2026-09-10 16:28:36.309124: 
2026-09-10 16:28:36.316098: Epoch 104
2026-09-10 16:28:36.325034: Current learning rate: 0.00616
2026-09-10 16:29:47.179727: train_loss -0.7983
2026-09-10 16:29:47.195608: val_loss -0.7506
2026-09-10 16:29:47.202615: Pseudo dice [np.float32(0.9499), np.float32(0.936), np.float32(0.9314), np.float32(0.9414), np.float32(0.7619)]
2026-09-10 16:29:47.210277: Epoch time: 70.87 s
2026-09-10 16:29:49.166416: 
2026-09-10 16:29:49.173959: Epoch 105
2026-09-10 16:29:49.189445: Current learning rate: 0.00612
2026-09-10 16:31:00.791016: train_loss -0.8028
2026-09-10 16:31:00.800555: val_loss -0.7309
2026-09-10 16:31:00.808113: Pseudo dice [np.float32(0.9438), np.float32(0.9345), np.float32(0.9312), np.float32(0.9382), np.float32(0.7422)]
2026-09-10 16:31:00.815212: Epoch time: 71.63 s
2026-09-10 16:31:02.763623: 
2026-09-10 16:31:02.774734: Epoch 106
2026-09-10 16:31:02.797559: Current learning rate: 0.00609
2026-09-10 16:32:12.490346: train_loss -0.8054
2026-09-10 16:32:12.499435: val_loss -0.7612
2026-09-10 16:32:12.508251: Pseudo dice [np.float32(0.9496), np.float32(0.9387), np.float32(0.9378), np.float32(0.9432), np.float32(0.7583)]
2026-09-10 16:32:12.520841: Epoch time: 69.73 s
2026-09-10 16:32:13.812440: 
2026-09-10 16:32:13.820821: Epoch 107
2026-09-10 16:32:13.830574: Current learning rate: 0.00605
2026-09-10 16:33:23.497581: train_loss -0.7979
2026-09-10 16:33:23.508388: val_loss -0.7577
2026-09-10 16:33:23.516691: Pseudo dice [np.float32(0.947), np.float32(0.9395), np.float32(0.9361), np.float32(0.945), np.float32(0.7553)]
2026-09-10 16:33:23.523603: Epoch time: 69.69 s
2026-09-10 16:33:23.529627: Yayy! New best EMA pseudo Dice: 0.9014000296592712
2026-09-10 16:33:25.783361: 
2026-09-10 16:33:25.791779: Epoch 108
2026-09-10 16:33:25.799820: Current learning rate: 0.00601
2026-09-10 16:34:33.828249: train_loss -0.7928
2026-09-10 16:34:33.838086: val_loss -0.7505
2026-09-10 16:34:33.845353: Pseudo dice [np.float32(0.9489), np.float32(0.9366), np.float32(0.9309), np.float32(0.9453), np.float32(0.7665)]
2026-09-10 16:34:33.853561: Epoch time: 68.05 s
2026-09-10 16:34:33.860748: Yayy! New best EMA pseudo Dice: 0.9017999768257141
2026-09-10 16:34:36.949185: 
2026-09-10 16:34:36.961664: Epoch 109
2026-09-10 16:34:36.969731: Current learning rate: 0.00597
2026-09-10 16:35:43.243937: train_loss -0.7947
2026-09-10 16:35:43.262465: val_loss -0.742
2026-09-10 16:35:43.271549: Pseudo dice [np.float32(0.9436), np.float32(0.9339), np.float32(0.9292), np.float32(0.9403), np.float32(0.7503)]
2026-09-10 16:35:43.282715: Epoch time: 66.3 s
2026-09-10 16:35:45.349021: 
2026-09-10 16:35:45.375494: Epoch 110
2026-09-10 16:35:45.399954: Current learning rate: 0.00593
2026-09-10 16:36:51.434922: train_loss -0.7942
2026-09-10 16:36:51.442657: val_loss -0.7429
2026-09-10 16:36:51.452103: Pseudo dice [np.float32(0.9434), np.float32(0.9414), np.float32(0.937), np.float32(0.9464), np.float32(0.7646)]
2026-09-10 16:36:51.459300: Epoch time: 66.09 s
2026-09-10 16:36:51.467551: Yayy! New best EMA pseudo Dice: 0.9021000266075134
2026-09-10 16:36:54.883487: 
2026-09-10 16:36:54.892768: Epoch 111
2026-09-10 16:36:54.903544: Current learning rate: 0.0059
2026-09-10 16:38:03.490151: train_loss -0.8002
2026-09-10 16:38:03.524899: val_loss -0.7419
2026-09-10 16:38:03.549488: Pseudo dice [np.float32(0.9448), np.float32(0.9365), np.float32(0.9314), np.float32(0.9419), np.float32(0.762)]
2026-09-10 16:38:03.588680: Epoch time: 68.61 s
2026-09-10 16:38:03.621429: Yayy! New best EMA pseudo Dice: 0.9021999835968018
2026-09-10 16:38:07.236319: 
2026-09-10 16:38:07.270504: Epoch 112
2026-09-10 16:38:07.296621: Current learning rate: 0.00586
2026-09-10 16:39:17.664944: train_loss -0.7971
2026-09-10 16:39:17.675883: val_loss -0.7367
2026-09-10 16:39:17.688720: Pseudo dice [np.float32(0.9445), np.float32(0.9346), np.float32(0.9353), np.float32(0.9354), np.float32(0.7608)]
2026-09-10 16:39:17.696555: Epoch time: 70.43 s
2026-09-10 16:39:19.729065: 
2026-09-10 16:39:19.741448: Epoch 113
2026-09-10 16:39:19.752513: Current learning rate: 0.00582
2026-09-10 16:40:30.276930: train_loss -0.7949
2026-09-10 16:40:30.287311: val_loss -0.7521
2026-09-10 16:40:30.301459: Pseudo dice [np.float32(0.9401), np.float32(0.9401), np.float32(0.9382), np.float32(0.9435), np.float32(0.7618)]
2026-09-10 16:40:30.310163: Epoch time: 70.55 s
2026-09-10 16:40:30.321451: Yayy! New best EMA pseudo Dice: 0.9024999737739563
2026-09-10 16:40:34.258713: 
2026-09-10 16:40:34.266322: Epoch 114
2026-09-10 16:40:34.274674: Current learning rate: 0.00578
2026-09-10 16:41:45.563774: train_loss -0.8022
2026-09-10 16:41:45.570346: val_loss -0.7616
2026-09-10 16:41:45.576364: Pseudo dice [np.float32(0.9485), np.float32(0.9386), np.float32(0.9384), np.float32(0.9459), np.float32(0.7573)]
2026-09-10 16:41:45.584411: Epoch time: 71.31 s
2026-09-10 16:41:45.590609: Yayy! New best EMA pseudo Dice: 0.9028000235557556
2026-09-10 16:41:48.060026: 
2026-09-10 16:41:48.066552: Epoch 115
2026-09-10 16:41:48.074332: Current learning rate: 0.00574
2026-09-10 16:42:58.923215: train_loss -0.8032
2026-09-10 16:42:58.935084: val_loss -0.7391
2026-09-10 16:42:58.942354: Pseudo dice [np.float32(0.937), np.float32(0.9349), np.float32(0.9343), np.float32(0.9402), np.float32(0.7553)]
2026-09-10 16:42:58.954495: Epoch time: 70.86 s
2026-09-10 16:43:00.930169: 
2026-09-10 16:43:00.941671: Epoch 116
2026-09-10 16:43:00.949547: Current learning rate: 0.0057
2026-09-10 16:44:12.033361: train_loss -0.8021
2026-09-10 16:44:12.051535: val_loss -0.7482
2026-09-10 16:44:12.080478: Pseudo dice [np.float32(0.9438), np.float32(0.9403), np.float32(0.9364), np.float32(0.9462), np.float32(0.7667)]
2026-09-10 16:44:12.098315: Epoch time: 71.11 s
2026-09-10 16:44:12.107417: Yayy! New best EMA pseudo Dice: 0.902999997138977
2026-09-10 16:44:15.214476: 
2026-09-10 16:44:15.221085: Epoch 117
2026-09-10 16:44:15.228452: Current learning rate: 0.00567
2026-09-10 16:45:24.773881: train_loss -0.8036
2026-09-10 16:45:24.788400: val_loss -0.7526
2026-09-10 16:45:24.796740: Pseudo dice [np.float32(0.9495), np.float32(0.9355), np.float32(0.9316), np.float32(0.9415), np.float32(0.7652)]
2026-09-10 16:45:24.805666: Epoch time: 69.56 s
2026-09-10 16:45:24.813086: Yayy! New best EMA pseudo Dice: 0.9031000137329102
2026-09-10 16:45:27.958903: 
2026-09-10 16:45:27.971524: Epoch 118
2026-09-10 16:45:27.980956: Current learning rate: 0.00563
2026-09-10 16:46:37.797316: train_loss -0.7996
2026-09-10 16:46:37.803799: val_loss -0.7286
2026-09-10 16:46:37.810501: Pseudo dice [np.float32(0.9466), np.float32(0.9409), np.float32(0.9339), np.float32(0.9377), np.float32(0.7605)]
2026-09-10 16:46:37.816776: Epoch time: 69.84 s
2026-09-10 16:46:37.822790: Yayy! New best EMA pseudo Dice: 0.9031999707221985
2026-09-10 16:46:40.866649: 
2026-09-10 16:46:40.874543: Epoch 119
2026-09-10 16:46:40.882517: Current learning rate: 0.00559
2026-09-10 16:47:50.931930: train_loss -0.8094
2026-09-10 16:47:50.945441: val_loss -0.7434
2026-09-10 16:47:50.954468: Pseudo dice [np.float32(0.9424), np.float32(0.9402), np.float32(0.9324), np.float32(0.9374), np.float32(0.7634)]
2026-09-10 16:47:50.963548: Epoch time: 70.07 s
2026-09-10 16:47:52.959872: 
2026-09-10 16:47:52.968889: Epoch 120
2026-09-10 16:47:52.979487: Current learning rate: 0.00555
2026-09-10 16:49:02.519252: train_loss -0.8051
2026-09-10 16:49:02.532345: val_loss -0.7566
2026-09-10 16:49:02.542542: Pseudo dice [np.float32(0.9553), np.float32(0.941), np.float32(0.9296), np.float32(0.935), np.float32(0.7637)]
2026-09-10 16:49:02.553102: Epoch time: 69.56 s
2026-09-10 16:49:02.562566: Yayy! New best EMA pseudo Dice: 0.9034000039100647
2026-09-10 16:49:05.697280: 
2026-09-10 16:49:05.710330: Epoch 121
2026-09-10 16:49:05.722506: Current learning rate: 0.00551
2026-09-10 16:50:15.981654: train_loss -0.8121
2026-09-10 16:50:15.992540: val_loss -0.7482
2026-09-10 16:50:16.007480: Pseudo dice [np.float32(0.9484), np.float32(0.9385), np.float32(0.9359), np.float32(0.9403), np.float32(0.7689)]
2026-09-10 16:50:16.017127: Epoch time: 70.29 s
2026-09-10 16:50:16.024770: Yayy! New best EMA pseudo Dice: 0.9036999940872192
2026-09-10 16:50:19.018331: 
2026-09-10 16:50:19.026407: Epoch 122
2026-09-10 16:50:19.036377: Current learning rate: 0.00547
2026-09-10 16:51:30.127150: train_loss -0.8058
2026-09-10 16:51:30.139453: val_loss -0.7325
2026-09-10 16:51:30.156430: Pseudo dice [np.float32(0.9401), np.float32(0.9322), np.float32(0.9336), np.float32(0.9412), np.float32(0.7625)]
2026-09-10 16:51:30.175585: Epoch time: 71.11 s
2026-09-10 16:51:32.245245: 
2026-09-10 16:51:32.253325: Epoch 123
2026-09-10 16:51:32.264608: Current learning rate: 0.00544
2026-09-10 16:52:42.568499: train_loss -0.806
2026-09-10 16:52:42.578917: val_loss -0.7325
2026-09-10 16:52:42.586484: Pseudo dice [np.float32(0.9455), np.float32(0.9362), np.float32(0.937), np.float32(0.9391), np.float32(0.7637)]
2026-09-10 16:52:42.598820: Epoch time: 70.32 s
2026-09-10 16:52:44.621181: 
2026-09-10 16:52:44.648282: Epoch 124
2026-09-10 16:52:44.655255: Current learning rate: 0.0054
2026-09-10 16:53:55.016602: train_loss -0.813
2026-09-10 16:53:55.028104: val_loss -0.7552
2026-09-10 16:53:55.035682: Pseudo dice [np.float32(0.9472), np.float32(0.9358), np.float32(0.9362), np.float32(0.9459), np.float32(0.7622)]
2026-09-10 16:53:55.045179: Epoch time: 70.4 s
2026-09-10 16:53:55.053873: Yayy! New best EMA pseudo Dice: 0.9038000106811523
2026-09-10 16:53:58.187779: 
2026-09-10 16:53:58.198696: Epoch 125
2026-09-10 16:53:58.206723: Current learning rate: 0.00536
2026-09-10 16:55:09.461555: train_loss -0.8101
2026-09-10 16:55:09.476205: val_loss -0.7519
2026-09-10 16:55:09.482684: Pseudo dice [np.float32(0.9484), np.float32(0.9373), np.float32(0.9337), np.float32(0.9433), np.float32(0.7699)]
2026-09-10 16:55:09.490164: Epoch time: 71.28 s
2026-09-10 16:55:09.499607: Yayy! New best EMA pseudo Dice: 0.9039999842643738
2026-09-10 16:55:11.795241: 
2026-09-10 16:55:11.803211: Epoch 126
2026-09-10 16:55:11.812271: Current learning rate: 0.00532
2026-09-10 16:56:22.121761: train_loss -0.8085
2026-09-10 16:56:22.136445: val_loss -0.7429
2026-09-10 16:56:22.144558: Pseudo dice [np.float32(0.945), np.float32(0.9355), np.float32(0.9315), np.float32(0.9427), np.float32(0.7561)]
2026-09-10 16:56:22.152326: Epoch time: 70.33 s
2026-09-10 16:56:24.241688: 
2026-09-10 16:56:24.261265: Epoch 127
2026-09-10 16:56:24.282045: Current learning rate: 0.00528
2026-09-10 16:57:34.668600: train_loss -0.8155
2026-09-10 16:57:34.679397: val_loss -0.736
2026-09-10 16:57:34.685880: Pseudo dice [np.float32(0.9411), np.float32(0.9348), np.float32(0.9282), np.float32(0.9338), np.float32(0.76)]
2026-09-10 16:57:34.693003: Epoch time: 70.43 s
2026-09-10 16:57:36.020566: 
2026-09-10 16:57:36.050478: Epoch 128
2026-09-10 16:57:36.080084: Current learning rate: 0.00524
2026-09-10 16:58:48.057072: train_loss -0.8094
2026-09-10 16:58:48.069409: val_loss -0.7518
2026-09-10 16:58:48.082447: Pseudo dice [np.float32(0.9484), np.float32(0.9395), np.float32(0.9336), np.float32(0.9421), np.float32(0.756)]
2026-09-10 16:58:48.092478: Epoch time: 72.04 s
2026-09-10 16:58:50.046582: 
2026-09-10 16:58:50.053477: Epoch 129
2026-09-10 16:58:50.060805: Current learning rate: 0.0052
2026-09-10 16:59:57.618582: train_loss -0.8138
2026-09-10 16:59:57.630601: val_loss -0.7608
2026-09-10 16:59:57.645008: Pseudo dice [np.float32(0.9474), np.float32(0.9416), np.float32(0.9338), np.float32(0.9482), np.float32(0.7717)]
2026-09-10 16:59:57.660002: Epoch time: 67.57 s
2026-09-10 16:59:59.276035: 
2026-09-10 16:59:59.285425: Epoch 130
2026-09-10 16:59:59.293878: Current learning rate: 0.00517
2026-09-10 17:01:06.024177: train_loss -0.811
2026-09-10 17:01:06.035794: val_loss -0.7485
2026-09-10 17:01:06.045581: Pseudo dice [np.float32(0.9515), np.float32(0.9381), np.float32(0.9364), np.float32(0.9364), np.float32(0.7625)]
2026-09-10 17:01:06.058510: Epoch time: 66.75 s
2026-09-10 17:01:06.067624: Yayy! New best EMA pseudo Dice: 0.9041000008583069
2026-09-10 17:01:08.925493: 
2026-09-10 17:01:08.937557: Epoch 131
2026-09-10 17:01:08.945058: Current learning rate: 0.00513
2026-09-10 17:02:14.902709: train_loss -0.8176
2026-09-10 17:02:14.911733: val_loss -0.7614
2026-09-10 17:02:14.918522: Pseudo dice [np.float32(0.949), np.float32(0.9405), np.float32(0.9358), np.float32(0.9436), np.float32(0.7579)]
2026-09-10 17:02:14.933033: Epoch time: 65.98 s
2026-09-10 17:02:14.942084: Yayy! New best EMA pseudo Dice: 0.90420001745224
2026-09-10 17:02:18.079961: 
2026-09-10 17:02:18.087198: Epoch 132
2026-09-10 17:02:18.096323: Current learning rate: 0.00509
2026-09-10 17:03:29.108463: train_loss -0.82
2026-09-10 17:03:29.147375: val_loss -0.7446
2026-09-10 17:03:29.159461: Pseudo dice [np.float32(0.9453), np.float32(0.9419), np.float32(0.9304), np.float32(0.9383), np.float32(0.7699)]
2026-09-10 17:03:29.168184: Epoch time: 71.03 s
2026-09-10 17:03:29.175948: Yayy! New best EMA pseudo Dice: 0.9042999744415283
2026-09-10 17:03:32.288108: 
2026-09-10 17:03:32.296475: Epoch 133
2026-09-10 17:03:32.305673: Current learning rate: 0.00505
2026-09-10 17:04:42.024174: train_loss -0.8185
2026-09-10 17:04:42.040379: val_loss -0.7355
2026-09-10 17:04:42.047426: Pseudo dice [np.float32(0.9495), np.float32(0.9416), np.float32(0.9355), np.float32(0.9431), np.float32(0.7601)]
2026-09-10 17:04:42.059686: Epoch time: 69.74 s
2026-09-10 17:04:42.072420: Yayy! New best EMA pseudo Dice: 0.9045000076293945
2026-09-10 17:04:45.149254: 
2026-09-10 17:04:45.162267: Epoch 134
2026-09-10 17:04:45.178504: Current learning rate: 0.00501
2026-09-10 17:05:55.616663: train_loss -0.8119
2026-09-10 17:05:55.637181: val_loss -0.7489
2026-09-10 17:05:55.653488: Pseudo dice [np.float32(0.9484), np.float32(0.9403), np.float32(0.936), np.float32(0.9402), np.float32(0.76)]
2026-09-10 17:05:55.662481: Epoch time: 70.47 s
2026-09-10 17:05:55.672599: Yayy! New best EMA pseudo Dice: 0.9045000076293945
2026-09-10 17:05:58.947679: 
2026-09-10 17:05:58.965524: Epoch 135
2026-09-10 17:05:58.987062: Current learning rate: 0.00497
2026-09-10 17:07:08.897164: train_loss -0.8207
2026-09-10 17:07:08.906364: val_loss -0.7749
2026-09-10 17:07:08.928872: Pseudo dice [np.float32(0.9561), np.float32(0.944), np.float32(0.9375), np.float32(0.9479), np.float32(0.7575)]
2026-09-10 17:07:08.949619: Epoch time: 69.95 s
2026-09-10 17:07:08.957641: Yayy! New best EMA pseudo Dice: 0.9049000144004822
2026-09-10 17:07:12.279756: 
2026-09-10 17:07:12.293044: Epoch 136
2026-09-10 17:07:12.300576: Current learning rate: 0.00493
2026-09-10 17:08:21.490012: train_loss -0.8163
2026-09-10 17:08:21.502989: val_loss -0.7533
2026-09-10 17:08:21.512880: Pseudo dice [np.float32(0.9548), np.float32(0.9405), np.float32(0.9332), np.float32(0.9394), np.float32(0.7665)]
2026-09-10 17:08:21.523437: Epoch time: 69.21 s
2026-09-10 17:08:21.536565: Yayy! New best EMA pseudo Dice: 0.9050999879837036
2026-09-10 17:08:24.821704: 
2026-09-10 17:08:24.829571: Epoch 137
2026-09-10 17:08:24.845054: Current learning rate: 0.00489
2026-09-10 17:09:35.299694: train_loss -0.8145
2026-09-10 17:09:35.318590: val_loss -0.7362
2026-09-10 17:09:35.327665: Pseudo dice [np.float32(0.9455), np.float32(0.9401), np.float32(0.9304), np.float32(0.9365), np.float32(0.7582)]
2026-09-10 17:09:35.335885: Epoch time: 70.48 s
2026-09-10 17:09:37.444612: 
2026-09-10 17:09:37.454148: Epoch 138
2026-09-10 17:09:37.469396: Current learning rate: 0.00485
2026-09-10 17:10:47.719858: train_loss -0.8227
2026-09-10 17:10:47.736757: val_loss -0.7397
2026-09-10 17:10:47.749285: Pseudo dice [np.float32(0.9471), np.float32(0.9359), np.float32(0.93), np.float32(0.9386), np.float32(0.765)]
2026-09-10 17:10:47.756121: Epoch time: 70.28 s
2026-09-10 17:10:50.906788: 
2026-09-10 17:10:50.915505: Epoch 139
2026-09-10 17:10:50.926024: Current learning rate: 0.00482
2026-09-10 17:12:01.235511: train_loss -0.8189
2026-09-10 17:12:01.249083: val_loss -0.7433
2026-09-10 17:12:01.257760: Pseudo dice [np.float32(0.944), np.float32(0.9422), np.float32(0.9345), np.float32(0.9426), np.float32(0.757)]
2026-09-10 17:12:01.266105: Epoch time: 70.33 s
2026-09-10 17:12:02.596416: 
2026-09-10 17:12:02.607427: Epoch 140
2026-09-10 17:12:02.614162: Current learning rate: 0.00478
2026-09-10 17:13:14.451893: train_loss -0.8162
2026-09-10 17:13:14.462992: val_loss -0.7362
2026-09-10 17:13:14.475380: Pseudo dice [np.float32(0.9454), np.float32(0.9422), np.float32(0.9376), np.float32(0.9415), np.float32(0.7608)]
2026-09-10 17:13:14.485563: Epoch time: 71.86 s
2026-09-10 17:13:15.965098: 
2026-09-10 17:13:15.972948: Epoch 141
2026-09-10 17:13:15.981375: Current learning rate: 0.00474
2026-09-10 17:14:27.096766: train_loss -0.8194
2026-09-10 17:14:27.109516: val_loss -0.7446
2026-09-10 17:14:27.123733: Pseudo dice [np.float32(0.9464), np.float32(0.9394), np.float32(0.9298), np.float32(0.9434), np.float32(0.7741)]
2026-09-10 17:14:27.133128: Epoch time: 71.13 s
2026-09-10 17:14:29.245249: 
2026-09-10 17:14:29.257380: Epoch 142
2026-09-10 17:14:29.267267: Current learning rate: 0.0047
2026-09-10 17:15:38.842963: train_loss -0.818
2026-09-10 17:15:38.854441: val_loss -0.7524
2026-09-10 17:15:38.871897: Pseudo dice [np.float32(0.9478), np.float32(0.9428), np.float32(0.9347), np.float32(0.9437), np.float32(0.7582)]
2026-09-10 17:15:38.879408: Epoch time: 69.6 s
2026-09-10 17:15:40.891738: 
2026-09-10 17:15:40.898457: Epoch 143
2026-09-10 17:15:40.905464: Current learning rate: 0.00466
2026-09-10 17:16:50.271494: train_loss -0.8116
2026-09-10 17:16:50.282317: val_loss -0.7612
2026-09-10 17:16:50.291178: Pseudo dice [np.float32(0.9393), np.float32(0.943), np.float32(0.9344), np.float32(0.9442), np.float32(0.7796)]
2026-09-10 17:16:50.302524: Epoch time: 69.38 s
2026-09-10 17:16:50.309842: Yayy! New best EMA pseudo Dice: 0.9053000211715698
2026-09-10 17:16:52.853232: 
2026-09-10 17:16:52.859746: Epoch 144
2026-09-10 17:16:52.869452: Current learning rate: 0.00462
2026-09-10 17:18:04.552311: train_loss -0.8189
2026-09-10 17:18:04.562522: val_loss -0.7552
2026-09-10 17:18:04.568919: Pseudo dice [np.float32(0.9437), np.float32(0.9408), np.float32(0.934), np.float32(0.9438), np.float32(0.7674)]
2026-09-10 17:18:04.575691: Epoch time: 71.7 s
2026-09-10 17:18:04.588594: Yayy! New best EMA pseudo Dice: 0.9053000211715698
2026-09-10 17:18:06.887060: 
2026-09-10 17:18:06.894765: Epoch 145
2026-09-10 17:18:06.902643: Current learning rate: 0.00458
2026-09-10 17:19:16.801354: train_loss -0.8186
2026-09-10 17:19:16.818382: val_loss -0.7501
2026-09-10 17:19:16.831759: Pseudo dice [np.float32(0.945), np.float32(0.9352), np.float32(0.936), np.float32(0.9429), np.float32(0.7692)]
2026-09-10 17:19:16.841261: Epoch time: 69.92 s
2026-09-10 17:19:16.850215: Yayy! New best EMA pseudo Dice: 0.9053999781608582
2026-09-10 17:19:19.599593: 
2026-09-10 17:19:19.608459: Epoch 146
2026-09-10 17:19:19.618483: Current learning rate: 0.00454
2026-09-10 17:21:51.121549: train_loss -0.8215
2026-09-10 17:21:51.130560: val_loss -0.744
2026-09-10 17:21:51.137293: Pseudo dice [np.float32(0.9455), np.float32(0.9387), np.float32(0.9348), np.float32(0.9438), np.float32(0.7632)]
2026-09-10 17:21:51.144282: Epoch time: 151.52 s
2026-09-10 17:22:03.379652: 
2026-09-10 17:22:03.387568: Epoch 147
2026-09-10 17:22:03.396097: Current learning rate: 0.0045
2026-09-10 17:31:02.976275: train_loss -0.8173
2026-09-10 17:31:02.994395: val_loss -0.7403
2026-09-10 17:31:03.005153: Pseudo dice [np.float32(0.9458), np.float32(0.9357), np.float32(0.9273), np.float32(0.9403), np.float32(0.7572)]
2026-09-10 17:31:03.015518: Epoch time: 539.62 s
2026-09-10 17:32:03.494637: 
2026-09-10 17:32:03.656894: Epoch 148
2026-09-10 17:32:03.737099: Current learning rate: 0.00446
2026-09-10 17:42:01.961283: train_loss -0.8189
2026-09-10 17:42:01.977295: val_loss -0.7193
2026-09-10 17:42:01.988495: Pseudo dice [np.float32(0.94), np.float32(0.9285), np.float32(0.9294), np.float32(0.9396), np.float32(0.7546)]
2026-09-10 17:42:01.996300: Epoch time: 598.88 s
2026-09-10 17:42:22.930346: 
2026-09-10 17:42:22.968590: Epoch 149
2026-09-10 17:42:23.010978: Current learning rate: 0.00442
2026-09-10 17:50:43.180474: train_loss -0.8219
2026-09-10 17:50:43.189882: val_loss -0.7471
2026-09-10 17:50:43.197576: Pseudo dice [np.float32(0.9456), np.float32(0.9364), np.float32(0.9299), np.float32(0.9445), np.float32(0.769)]
2026-09-10 17:50:43.206167: Epoch time: 500.25 s
2026-09-10 17:51:47.315261: 
2026-09-10 17:51:47.341532: Epoch 150
2026-09-10 17:51:47.358177: Current learning rate: 0.00438
2026-09-10 17:59:06.294233: train_loss -0.8227
2026-09-10 17:59:06.321264: val_loss -0.7572
2026-09-10 17:59:06.333774: Pseudo dice [np.float32(0.9452), np.float32(0.9415), np.float32(0.9362), np.float32(0.9442), np.float32(0.7635)]
2026-09-10 17:59:06.355122: Epoch time: 439.04 s
2026-09-10 17:59:43.831883: 
2026-09-10 17:59:43.858225: Epoch 151
2026-09-10 17:59:43.901363: Current learning rate: 0.00434
2026-09-10 18:10:30.384276: train_loss -0.8221
2026-09-10 18:10:30.396164: val_loss -0.7305
2026-09-10 18:10:30.402923: Pseudo dice [np.float32(0.9316), np.float32(0.939), np.float32(0.9286), np.float32(0.9387), np.float32(0.7697)]
2026-09-10 18:10:30.413883: Epoch time: 646.83 s
2026-09-10 18:11:40.672013: 
2026-09-10 18:11:40.743389: Epoch 152
2026-09-10 18:11:40.776692: Current learning rate: 0.0043
2026-09-10 18:20:55.602749: train_loss -0.8116
2026-09-10 18:20:55.638503: val_loss -0.7646
2026-09-10 18:20:55.652026: Pseudo dice [np.float32(0.9489), np.float32(0.9412), np.float32(0.9388), np.float32(0.9446), np.float32(0.7797)]
2026-09-10 18:20:55.695046: Epoch time: 555.22 s
2026-09-10 18:21:34.300814: 
2026-09-10 18:21:34.314362: Epoch 153
2026-09-10 18:21:34.322094: Current learning rate: 0.00427
2026-09-10 18:29:54.937303: train_loss -0.82
2026-09-10 18:29:54.990898: val_loss -0.7453
2026-09-10 18:29:55.027832: Pseudo dice [np.float32(0.9432), np.float32(0.9365), np.float32(0.9349), np.float32(0.9414), np.float32(0.7719)]
2026-09-10 18:29:55.059020: Epoch time: 500.65 s
2026-09-10 18:30:46.256618: 
2026-09-10 18:30:46.265515: Epoch 154
2026-09-10 18:30:46.272753: Current learning rate: 0.00423
2026-09-10 18:39:37.940785: train_loss -0.8218
2026-09-10 18:39:37.954277: val_loss -0.7588
2026-09-10 18:39:37.997918: Pseudo dice [np.float32(0.9511), np.float32(0.9434), np.float32(0.9367), np.float32(0.9457), np.float32(0.7693)]
2026-09-10 18:39:38.047844: Epoch time: 531.69 s
2026-09-10 18:39:38.087244: Yayy! New best EMA pseudo Dice: 0.9053999781608582
2026-09-10 18:40:33.314080: 
2026-09-10 18:40:33.326405: Epoch 155
2026-09-10 18:40:33.355287: Current learning rate: 0.00419
2026-09-10 18:50:05.018906: train_loss -0.817
2026-09-10 18:50:05.043279: val_loss -0.7509
2026-09-10 18:50:05.060308: Pseudo dice [np.float32(0.9472), np.float32(0.9384), np.float32(0.9324), np.float32(0.9383), np.float32(0.7593)]
2026-09-10 18:50:05.092859: Epoch time: 571.9 s
2026-09-10 18:50:45.919854: 
2026-09-10 18:50:45.932522: Epoch 156
2026-09-10 18:50:45.942755: Current learning rate: 0.00415
2026-09-10 18:52:03.500040: train_loss -0.8077
2026-09-10 18:52:03.509017: val_loss -0.7126
2026-09-10 18:52:03.518448: Pseudo dice [np.float32(0.9424), np.float32(0.9155), np.float32(0.9211), np.float32(0.9377), np.float32(0.7567)]
2026-09-10 18:52:03.529455: Epoch time: 77.64 s
2026-09-10 18:52:05.801237: 
2026-09-10 18:52:05.812976: Epoch 157
2026-09-10 18:52:05.821774: Current learning rate: 0.00411
2026-09-10 18:53:15.314299: train_loss -0.8257
2026-09-10 18:53:15.329360: val_loss -0.7419
2026-09-10 18:53:15.339601: Pseudo dice [np.float32(0.9493), np.float32(0.9356), np.float32(0.9307), np.float32(0.9361), np.float32(0.7547)]
2026-09-10 18:53:15.348167: Epoch time: 69.52 s
2026-09-10 18:53:17.593554: 
2026-09-10 18:53:17.606184: Epoch 158
2026-09-10 18:53:17.614586: Current learning rate: 0.00407
2026-09-10 18:54:28.131820: train_loss -0.8141
2026-09-10 18:54:28.141228: val_loss -0.7292
2026-09-10 18:54:28.148651: Pseudo dice [np.float32(0.9434), np.float32(0.9327), np.float32(0.9208), np.float32(0.9307), np.float32(0.7665)]
2026-09-10 18:54:28.158133: Epoch time: 70.54 s
2026-09-10 18:54:30.325058: 
2026-09-10 18:54:30.355287: Epoch 159
2026-09-10 18:54:30.368538: Current learning rate: 0.00403
2026-09-10 18:55:36.322029: train_loss -0.8152
2026-09-10 18:55:36.334032: val_loss -0.7389
2026-09-10 18:55:36.342201: Pseudo dice [np.float32(0.9442), np.float32(0.9423), np.float32(0.9332), np.float32(0.9414), np.float32(0.7593)]
2026-09-10 18:55:36.350448: Epoch time: 66.0 s
2026-09-10 18:55:38.370072: 
2026-09-10 18:55:38.377875: Epoch 160
2026-09-10 18:55:38.384873: Current learning rate: 0.00399
2026-09-10 18:56:44.869131: train_loss -0.8145
2026-09-10 18:56:44.880071: val_loss -0.7283
2026-09-10 18:56:44.887218: Pseudo dice [np.float32(0.942), np.float32(0.929), np.float32(0.9283), np.float32(0.9357), np.float32(0.7539)]
2026-09-10 18:56:44.895185: Epoch time: 66.5 s
2026-09-10 18:56:46.917961: 
2026-09-10 18:56:46.927903: Epoch 161
2026-09-10 18:56:46.938440: Current learning rate: 0.00395
2026-09-10 18:57:54.291040: train_loss -0.8252
2026-09-10 18:57:54.302902: val_loss -0.7621
2026-09-10 18:57:54.311532: Pseudo dice [np.float32(0.951), np.float32(0.9411), np.float32(0.9352), np.float32(0.9428), np.float32(0.7693)]
2026-09-10 18:57:54.320114: Epoch time: 67.38 s
2026-09-10 18:57:56.419383: 
2026-09-10 18:57:56.427089: Epoch 162
2026-09-10 18:57:56.437581: Current learning rate: 0.00391
2026-09-10 18:59:06.138029: train_loss -0.8286
2026-09-10 18:59:06.147408: val_loss -0.7592
2026-09-10 18:59:06.153912: Pseudo dice [np.float32(0.9467), np.float32(0.9401), np.float32(0.9374), np.float32(0.9458), np.float32(0.7823)]
2026-09-10 18:59:06.160775: Epoch time: 69.72 s
2026-09-10 18:59:07.497946: 
2026-09-10 18:59:07.504463: Epoch 163
2026-09-10 18:59:07.511328: Current learning rate: 0.00387
2026-09-10 19:00:18.672506: train_loss -0.8324
2026-09-10 19:00:18.683062: val_loss -0.7516
2026-09-10 19:00:18.692504: Pseudo dice [np.float32(0.9469), np.float32(0.9393), np.float32(0.9382), np.float32(0.9494), np.float32(0.7636)]
2026-09-10 19:00:18.705626: Epoch time: 71.18 s
2026-09-10 19:00:21.771389: 
2026-09-10 19:00:21.784319: Epoch 164
2026-09-10 19:00:21.793649: Current learning rate: 0.00383
2026-09-10 19:01:32.189600: train_loss -0.8244
2026-09-10 19:01:32.203503: val_loss -0.7266
2026-09-10 19:01:32.211714: Pseudo dice [np.float32(0.945), np.float32(0.9341), np.float32(0.9329), np.float32(0.9354), np.float32(0.7455)]
2026-09-10 19:01:32.230571: Epoch time: 70.42 s
2026-09-10 19:01:34.304583: 
2026-09-10 19:01:34.315364: Epoch 165
2026-09-10 19:01:34.325219: Current learning rate: 0.00379
2026-09-10 19:02:44.769845: train_loss -0.8218
2026-09-10 19:02:44.778334: val_loss -0.7561
2026-09-10 19:02:44.788367: Pseudo dice [np.float32(0.9499), np.float32(0.9416), np.float32(0.9368), np.float32(0.9435), np.float32(0.767)]
2026-09-10 19:02:44.796474: Epoch time: 70.47 s
2026-09-10 19:02:46.905173: 
2026-09-10 19:02:46.915659: Epoch 166
2026-09-10 19:02:46.926466: Current learning rate: 0.00375
2026-09-10 19:03:58.806796: train_loss -0.8327
2026-09-10 19:03:58.817587: val_loss -0.7616
2026-09-10 19:03:58.827812: Pseudo dice [np.float32(0.9507), np.float32(0.9417), np.float32(0.9382), np.float32(0.9471), np.float32(0.7783)]
2026-09-10 19:03:58.834950: Epoch time: 71.9 s
2026-09-10 19:04:00.882635: 
2026-09-10 19:04:00.891260: Epoch 167
2026-09-10 19:04:00.899779: Current learning rate: 0.00371
2026-09-10 19:05:09.890381: train_loss -0.8281
2026-09-10 19:05:09.902530: val_loss -0.7379
2026-09-10 19:05:09.911719: Pseudo dice [np.float32(0.9361), np.float32(0.9348), np.float32(0.9327), np.float32(0.9426), np.float32(0.756)]
2026-09-10 19:05:09.926482: Epoch time: 69.01 s
2026-09-10 19:05:12.021345: 
2026-09-10 19:05:12.028115: Epoch 168
2026-09-10 19:05:12.044387: Current learning rate: 0.00367
2026-09-10 19:06:21.702054: train_loss -0.8276
2026-09-10 19:06:21.711095: val_loss -0.7609
2026-09-10 19:06:21.718418: Pseudo dice [np.float32(0.9529), np.float32(0.9435), np.float32(0.9406), np.float32(0.9479), np.float32(0.7727)]
2026-09-10 19:06:21.724653: Epoch time: 69.68 s
2026-09-10 19:06:23.137289: 
2026-09-10 19:06:23.144210: Epoch 169
2026-09-10 19:06:23.151305: Current learning rate: 0.00363
2026-09-10 19:07:32.722931: train_loss -0.8194
2026-09-10 19:07:32.732130: val_loss -0.7409
2026-09-10 19:07:32.739341: Pseudo dice [np.float32(0.9483), np.float32(0.9336), np.float32(0.9356), np.float32(0.9366), np.float32(0.7638)]
2026-09-10 19:07:32.746416: Epoch time: 69.59 s
2026-09-10 19:07:34.103361: 
2026-09-10 19:07:34.110659: Epoch 170
2026-09-10 19:07:34.117172: Current learning rate: 0.00359
2026-09-10 19:08:43.613556: train_loss -0.8282
2026-09-10 19:08:43.622182: val_loss -0.7644
2026-09-10 19:08:43.629904: Pseudo dice [np.float32(0.9502), np.float32(0.9402), np.float32(0.9412), np.float32(0.9442), np.float32(0.7732)]
2026-09-10 19:08:43.636167: Epoch time: 69.51 s
2026-09-10 19:08:43.642250: Yayy! New best EMA pseudo Dice: 0.9054999947547913
2026-09-10 19:08:46.128791: 
2026-09-10 19:08:46.135134: Epoch 171
2026-09-10 19:08:46.141387: Current learning rate: 0.00355
2026-09-10 19:09:55.742169: train_loss -0.8296
2026-09-10 19:09:55.751318: val_loss -0.7494
2026-09-10 19:09:55.757911: Pseudo dice [np.float32(0.9443), np.float32(0.9371), np.float32(0.9395), np.float32(0.946), np.float32(0.772)]
2026-09-10 19:09:55.768094: Epoch time: 69.61 s
2026-09-10 19:09:55.774684: Yayy! New best EMA pseudo Dice: 0.9057000279426575
2026-09-10 19:09:57.995691: 
2026-09-10 19:09:58.003582: Epoch 172
2026-09-10 19:09:58.012164: Current learning rate: 0.00351
2026-09-10 19:11:09.824979: train_loss -0.8306
2026-09-10 19:11:09.856524: val_loss -0.7624
2026-09-10 19:11:09.873432: Pseudo dice [np.float32(0.9497), np.float32(0.943), np.float32(0.9378), np.float32(0.9455), np.float32(0.7748)]
2026-09-10 19:11:09.896791: Epoch time: 71.83 s
2026-09-10 19:11:09.904368: Yayy! New best EMA pseudo Dice: 0.9061999917030334
2026-09-10 19:11:12.847749: 
2026-09-10 19:11:12.855948: Epoch 173
2026-09-10 19:11:12.862533: Current learning rate: 0.00346
2026-09-10 19:12:24.858094: train_loss -0.8354
2026-09-10 19:12:24.872348: val_loss -0.7537
2026-09-10 19:12:24.881387: Pseudo dice [np.float32(0.9514), np.float32(0.9414), np.float32(0.9329), np.float32(0.944), np.float32(0.7599)]
2026-09-10 19:12:24.896447: Epoch time: 72.01 s
2026-09-10 19:12:26.994821: 
2026-09-10 19:12:27.007297: Epoch 174
2026-09-10 19:12:27.020539: Current learning rate: 0.00342
2026-09-10 19:13:38.546720: train_loss -0.8324
2026-09-10 19:13:38.558703: val_loss -0.7511
2026-09-10 19:13:38.567470: Pseudo dice [np.float32(0.9516), np.float32(0.9442), np.float32(0.9292), np.float32(0.9446), np.float32(0.7729)]
2026-09-10 19:13:38.575223: Epoch time: 71.56 s
2026-09-10 19:13:38.584586: Yayy! New best EMA pseudo Dice: 0.9064000248908997
2026-09-10 19:13:41.823307: 
2026-09-10 19:13:41.833608: Epoch 175
2026-09-10 19:13:41.844203: Current learning rate: 0.00338
2026-09-10 19:14:52.701376: train_loss -0.8314
2026-09-10 19:14:52.715408: val_loss -0.7633
2026-09-10 19:14:52.723579: Pseudo dice [np.float32(0.9476), np.float32(0.9458), np.float32(0.9358), np.float32(0.9456), np.float32(0.774)]
2026-09-10 19:14:52.731843: Epoch time: 70.88 s
2026-09-10 19:14:52.738281: Yayy! New best EMA pseudo Dice: 0.9067000150680542
2026-09-10 19:14:56.697571: 
2026-09-10 19:14:56.707602: Epoch 176
2026-09-10 19:14:56.714764: Current learning rate: 0.00334
2026-09-10 19:16:08.603814: train_loss -0.8326
2026-09-10 19:16:08.621489: val_loss -0.7457
2026-09-10 19:16:08.630448: Pseudo dice [np.float32(0.9507), np.float32(0.9402), np.float32(0.9346), np.float32(0.9471), np.float32(0.7727)]
2026-09-10 19:16:08.643648: Epoch time: 71.91 s
2026-09-10 19:16:08.650129: Yayy! New best EMA pseudo Dice: 0.9068999886512756
2026-09-10 19:16:11.856940: 
2026-09-10 19:16:11.864962: Epoch 177
2026-09-10 19:16:11.873872: Current learning rate: 0.0033
2026-09-10 19:17:23.394140: train_loss -0.8312
2026-09-10 19:17:23.407114: val_loss -0.7457
2026-09-10 19:17:23.420670: Pseudo dice [np.float32(0.9508), np.float32(0.94), np.float32(0.9329), np.float32(0.9417), np.float32(0.7676)]
2026-09-10 19:17:23.427557: Epoch time: 71.54 s
2026-09-10 19:17:25.642984: 
2026-09-10 19:17:25.649667: Epoch 178
2026-09-10 19:17:25.655919: Current learning rate: 0.00326
2026-09-10 19:18:36.105072: train_loss -0.8373
2026-09-10 19:18:36.116897: val_loss -0.7348
2026-09-10 19:18:36.123614: Pseudo dice [np.float32(0.9457), np.float32(0.9315), np.float32(0.9368), np.float32(0.9384), np.float32(0.7635)]
2026-09-10 19:18:36.132538: Epoch time: 70.46 s
2026-09-10 19:18:38.459023: 
2026-09-10 19:18:38.472190: Epoch 179
2026-09-10 19:18:38.486989: Current learning rate: 0.00322
2026-09-10 19:19:50.599353: train_loss -0.8331
2026-09-10 19:19:50.615554: val_loss -0.7498
2026-09-10 19:19:50.634756: Pseudo dice [np.float32(0.9474), np.float32(0.942), np.float32(0.9328), np.float32(0.9427), np.float32(0.7663)]
2026-09-10 19:19:50.655873: Epoch time: 72.14 s
2026-09-10 19:19:53.242141: 
2026-09-10 19:19:53.374545: Epoch 180
2026-09-10 19:19:53.403707: Current learning rate: 0.00318
2026-09-10 19:21:00.594490: train_loss -0.8348
2026-09-10 19:21:00.646362: val_loss -0.7638
2026-09-10 19:21:00.681470: Pseudo dice [np.float32(0.9546), np.float32(0.9403), np.float32(0.934), np.float32(0.9441), np.float32(0.7733)]
2026-09-10 19:21:00.722865: Epoch time: 67.36 s
2026-09-10 19:21:02.927677: 
2026-09-10 19:21:02.951134: Epoch 181
2026-09-10 19:21:02.970925: Current learning rate: 0.00314
2026-09-10 19:22:09.992631: train_loss -0.8362
2026-09-10 19:22:10.002791: val_loss -0.7516
2026-09-10 19:22:10.009035: Pseudo dice [np.float32(0.95), np.float32(0.9383), np.float32(0.9384), np.float32(0.9469), np.float32(0.7731)]
2026-09-10 19:22:10.015925: Epoch time: 67.07 s
2026-09-10 19:22:10.028766: Yayy! New best EMA pseudo Dice: 0.9070000052452087
2026-09-10 19:22:13.219733: 
2026-09-10 19:22:13.235284: Epoch 182
2026-09-10 19:22:13.253500: Current learning rate: 0.0031
2026-09-10 19:23:20.561344: train_loss -0.8356
2026-09-10 19:23:20.569424: val_loss -0.7485
2026-09-10 19:23:20.575878: Pseudo dice [np.float32(0.9468), np.float32(0.9431), np.float32(0.9356), np.float32(0.9394), np.float32(0.7745)]
2026-09-10 19:23:20.582119: Epoch time: 67.34 s
2026-09-10 19:23:20.590276: Yayy! New best EMA pseudo Dice: 0.9071000218391418
2026-09-10 19:23:23.725646: 
2026-09-10 19:23:23.731929: Epoch 183
2026-09-10 19:23:23.737821: Current learning rate: 0.00306
2026-09-10 19:24:34.908592: train_loss -0.8354
2026-09-10 19:24:34.917050: val_loss -0.7604
2026-09-10 19:24:34.924502: Pseudo dice [np.float32(0.9489), np.float32(0.9398), np.float32(0.9401), np.float32(0.9469), np.float32(0.7742)]
2026-09-10 19:24:34.933291: Epoch time: 71.18 s
2026-09-10 19:24:34.941557: Yayy! New best EMA pseudo Dice: 0.9074000120162964
2026-09-10 19:24:38.532488: 
2026-09-10 19:24:38.541394: Epoch 184
2026-09-10 19:24:38.552238: Current learning rate: 0.00302
2026-09-10 19:25:49.680060: train_loss -0.8303
2026-09-10 19:25:49.701401: val_loss -0.754
2026-09-10 19:25:49.712502: Pseudo dice [np.float32(0.9449), np.float32(0.9395), np.float32(0.937), np.float32(0.946), np.float32(0.7741)]
2026-09-10 19:25:49.723469: Epoch time: 71.15 s
2026-09-10 19:25:49.732436: Yayy! New best EMA pseudo Dice: 0.9075000286102295
2026-09-10 19:25:52.882813: 
2026-09-10 19:25:52.892283: Epoch 185
2026-09-10 19:25:52.906546: Current learning rate: 0.00297
2026-09-10 19:27:04.276505: train_loss -0.8394
2026-09-10 19:27:04.288846: val_loss -0.7459
2026-09-10 19:27:04.300869: Pseudo dice [np.float32(0.9478), np.float32(0.9359), np.float32(0.9321), np.float32(0.9381), np.float32(0.7608)]
2026-09-10 19:27:04.310814: Epoch time: 71.4 s
2026-09-10 19:27:05.696563: 
2026-09-10 19:27:05.705832: Epoch 186
2026-09-10 19:27:05.713481: Current learning rate: 0.00293
2026-09-10 19:28:16.359012: train_loss -0.8294
2026-09-10 19:28:16.368761: val_loss -0.7569
2026-09-10 19:28:16.377537: Pseudo dice [np.float32(0.9532), np.float32(0.9427), np.float32(0.9298), np.float32(0.943), np.float32(0.7658)]
2026-09-10 19:28:16.386826: Epoch time: 70.66 s
2026-09-10 19:28:17.966458: 
2026-09-10 19:28:17.973483: Epoch 187
2026-09-10 19:28:17.979744: Current learning rate: 0.00289
2026-09-10 19:29:29.159000: train_loss -0.8408
2026-09-10 19:29:29.169986: val_loss -0.766
2026-09-10 19:29:29.180417: Pseudo dice [np.float32(0.9489), np.float32(0.9416), np.float32(0.935), np.float32(0.9472), np.float32(0.7693)]
2026-09-10 19:29:29.188746: Epoch time: 71.19 s
2026-09-10 19:29:32.330983: 
2026-09-10 19:29:32.340364: Epoch 188
2026-09-10 19:29:32.353410: Current learning rate: 0.00285
2026-09-10 19:30:42.892450: train_loss -0.8332
2026-09-10 19:30:42.900544: val_loss -0.746
2026-09-10 19:30:42.908792: Pseudo dice [np.float32(0.9466), np.float32(0.9413), np.float32(0.9353), np.float32(0.9447), np.float32(0.7692)]
2026-09-10 19:30:42.916376: Epoch time: 70.56 s
2026-09-10 19:30:45.015330: 
2026-09-10 19:30:45.022082: Epoch 189
2026-09-10 19:30:45.032419: Current learning rate: 0.00281
2026-09-10 19:31:54.682151: train_loss -0.8322
2026-09-10 19:31:54.690379: val_loss -0.7453
2026-09-10 19:31:54.698322: Pseudo dice [np.float32(0.9472), np.float32(0.9386), np.float32(0.936), np.float32(0.9427), np.float32(0.7635)]
2026-09-10 19:31:54.705163: Epoch time: 69.67 s
2026-09-10 19:31:56.317436: 
2026-09-10 19:31:56.324262: Epoch 190
2026-09-10 19:31:56.330433: Current learning rate: 0.00277
2026-09-10 19:33:06.478655: train_loss -0.8443
2026-09-10 19:33:06.488370: val_loss -0.7606
2026-09-10 19:33:06.494561: Pseudo dice [np.float32(0.9522), np.float32(0.9415), np.float32(0.9393), np.float32(0.9424), np.float32(0.7744)]
2026-09-10 19:33:06.505493: Epoch time: 70.16 s
2026-09-10 19:33:08.525092: 
2026-09-10 19:33:08.531756: Epoch 191
2026-09-10 19:33:08.538496: Current learning rate: 0.00273
2026-09-10 19:34:19.338822: train_loss -0.8364
2026-09-10 19:34:19.352626: val_loss -0.7612
2026-09-10 19:34:19.364400: Pseudo dice [np.float32(0.9539), np.float32(0.9471), np.float32(0.9366), np.float32(0.9463), np.float32(0.7758)]
2026-09-10 19:34:19.374430: Epoch time: 70.81 s
2026-09-10 19:34:19.388914: Yayy! New best EMA pseudo Dice: 0.907800018787384
2026-09-10 19:34:22.613722: 
2026-09-10 19:34:22.622306: Epoch 192
2026-09-10 19:34:22.629852: Current learning rate: 0.00268
2026-09-10 19:35:34.456955: train_loss -0.8398
2026-09-10 19:35:34.465483: val_loss -0.7488
2026-09-10 19:35:34.477602: Pseudo dice [np.float32(0.9447), np.float32(0.9435), np.float32(0.9339), np.float32(0.9433), np.float32(0.7669)]
2026-09-10 19:35:34.484554: Epoch time: 71.84 s
2026-09-10 19:35:36.520479: 
2026-09-10 19:35:36.527033: Epoch 193
2026-09-10 19:35:36.544510: Current learning rate: 0.00264
2026-09-10 19:36:48.101751: train_loss -0.841
2026-09-10 19:36:48.111819: val_loss -0.7653
2026-09-10 19:36:48.120771: Pseudo dice [np.float32(0.9515), np.float32(0.9428), np.float32(0.9365), np.float32(0.9452), np.float32(0.7744)]
2026-09-10 19:36:48.131649: Epoch time: 71.58 s
2026-09-10 19:36:48.145850: Yayy! New best EMA pseudo Dice: 0.9078999757766724
2026-09-10 19:36:50.533024: 
2026-09-10 19:36:50.539984: Epoch 194
2026-09-10 19:36:50.546513: Current learning rate: 0.0026
2026-09-10 19:38:00.401359: train_loss -0.8361
2026-09-10 19:38:00.411090: val_loss -0.7613
2026-09-10 19:38:00.416868: Pseudo dice [np.float32(0.9436), np.float32(0.9394), np.float32(0.938), np.float32(0.945), np.float32(0.7684)]
2026-09-10 19:38:00.423260: Epoch time: 69.87 s
2026-09-10 19:38:01.788494: 
2026-09-10 19:38:01.794528: Epoch 195
2026-09-10 19:38:01.801262: Current learning rate: 0.00256
2026-09-10 19:39:13.611688: train_loss -0.8343
2026-09-10 19:39:13.620079: val_loss -0.7537
2026-09-10 19:39:13.626380: Pseudo dice [np.float32(0.9499), np.float32(0.9436), np.float32(0.9309), np.float32(0.9458), np.float32(0.7735)]
2026-09-10 19:39:13.633070: Epoch time: 71.82 s
2026-09-10 19:39:15.009522: 
2026-09-10 19:39:15.016642: Epoch 196
2026-09-10 19:39:15.025886: Current learning rate: 0.00252
2026-09-10 19:40:25.753968: train_loss -0.8392
2026-09-10 19:40:25.764756: val_loss -0.7496
2026-09-10 19:40:25.796720: Pseudo dice [np.float32(0.9499), np.float32(0.9399), np.float32(0.929), np.float32(0.9437), np.float32(0.7641)]
2026-09-10 19:40:25.807592: Epoch time: 70.75 s
2026-09-10 19:40:27.954731: 
2026-09-10 19:40:27.961930: Epoch 197
2026-09-10 19:40:27.968052: Current learning rate: 0.00248
2026-09-10 19:41:38.340493: train_loss -0.845
2026-09-10 19:41:38.361373: val_loss -0.7363
2026-09-10 19:41:38.390484: Pseudo dice [np.float32(0.9439), np.float32(0.9403), np.float32(0.9339), np.float32(0.9457), np.float32(0.7758)]
2026-09-10 19:41:38.402567: Epoch time: 70.39 s
2026-09-10 19:41:40.452375: 
2026-09-10 19:41:40.461618: Epoch 198
2026-09-10 19:41:40.468406: Current learning rate: 0.00243
2026-09-10 19:42:51.849055: train_loss -0.8437
2026-09-10 19:42:51.858305: val_loss -0.7546
2026-09-10 19:42:51.867358: Pseudo dice [np.float32(0.9481), np.float32(0.9429), np.float32(0.9351), np.float32(0.944), np.float32(0.7753)]
2026-09-10 19:42:51.874414: Epoch time: 71.4 s
2026-09-10 19:42:53.915205: 
2026-09-10 19:42:53.922817: Epoch 199
2026-09-10 19:42:53.929448: Current learning rate: 0.00239
2026-09-10 19:44:06.043834: train_loss -0.8377
2026-09-10 19:44:06.058064: val_loss -0.7421
2026-09-10 19:44:06.067309: Pseudo dice [np.float32(0.945), np.float32(0.9375), np.float32(0.9323), np.float32(0.9441), np.float32(0.7739)]
2026-09-10 19:44:06.080688: Epoch time: 72.13 s
2026-09-10 19:44:10.374524: 
2026-09-10 19:44:10.385291: Epoch 200
2026-09-10 19:44:10.412597: Current learning rate: 0.00235
2026-09-10 19:45:17.466045: train_loss -0.8386
2026-09-10 19:45:17.475088: val_loss -0.7467
2026-09-10 19:45:17.483357: Pseudo dice [np.float32(0.95), np.float32(0.9372), np.float32(0.9365), np.float32(0.9409), np.float32(0.7758)]
2026-09-10 19:45:17.489728: Epoch time: 67.09 s
2026-09-10 19:45:19.039274: 
2026-09-10 19:45:19.045785: Epoch 201
2026-09-10 19:45:19.052418: Current learning rate: 0.00231
2026-09-10 19:46:26.176719: train_loss -0.8401
2026-09-10 19:46:26.186657: val_loss -0.7575
2026-09-10 19:46:26.193113: Pseudo dice [np.float32(0.9485), np.float32(0.9384), np.float32(0.9368), np.float32(0.943), np.float32(0.7762)]
2026-09-10 19:46:26.199855: Epoch time: 67.14 s
2026-09-10 19:46:28.288883: 
2026-09-10 19:46:28.295585: Epoch 202
2026-09-10 19:46:28.304466: Current learning rate: 0.00226
2026-09-10 19:47:36.119993: train_loss -0.8425
2026-09-10 19:47:36.128869: val_loss -0.744
2026-09-10 19:47:36.135998: Pseudo dice [np.float32(0.9425), np.float32(0.9399), np.float32(0.9353), np.float32(0.9449), np.float32(0.759)]
2026-09-10 19:47:36.142693: Epoch time: 67.83 s
2026-09-10 19:47:37.618200: 
2026-09-10 19:47:37.624567: Epoch 203
2026-09-10 19:47:37.631604: Current learning rate: 0.00222
2026-09-10 19:48:46.745680: train_loss -0.8423
2026-09-10 19:48:46.756140: val_loss -0.7619
2026-09-10 19:48:46.764040: Pseudo dice [np.float32(0.9495), np.float32(0.9458), np.float32(0.9312), np.float32(0.9416), np.float32(0.7765)]
2026-09-10 19:48:46.773845: Epoch time: 69.13 s
2026-09-10 19:48:48.923376: 
2026-09-10 19:48:48.936870: Epoch 204
2026-09-10 19:48:48.943397: Current learning rate: 0.00218
2026-09-10 19:50:00.116997: train_loss -0.8442
2026-09-10 19:50:00.132695: val_loss -0.7282
2026-09-10 19:50:00.142633: Pseudo dice [np.float32(0.9357), np.float32(0.9375), np.float32(0.9315), np.float32(0.9456), np.float32(0.7688)]
2026-09-10 19:50:00.152472: Epoch time: 71.2 s
2026-09-10 19:50:02.363409: 
2026-09-10 19:50:02.376268: Epoch 205
2026-09-10 19:50:02.396679: Current learning rate: 0.00214
2026-09-10 19:51:14.453685: train_loss -0.8307
2026-09-10 19:51:14.464612: val_loss -0.7537
2026-09-10 19:51:14.473169: Pseudo dice [np.float32(0.9502), np.float32(0.9373), np.float32(0.9328), np.float32(0.9384), np.float32(0.7769)]
2026-09-10 19:51:14.480807: Epoch time: 72.09 s
2026-09-10 19:51:16.666883: 
2026-09-10 19:51:16.677065: Epoch 206
2026-09-10 19:51:16.685546: Current learning rate: 0.00209
2026-09-10 19:52:28.073506: train_loss -0.8359
2026-09-10 19:52:28.088389: val_loss -0.7653
2026-09-10 19:52:28.101584: Pseudo dice [np.float32(0.9566), np.float32(0.9427), np.float32(0.9357), np.float32(0.9421), np.float32(0.779)]
2026-09-10 19:52:28.113572: Epoch time: 71.41 s
2026-09-10 19:52:30.225731: 
2026-09-10 19:52:30.236272: Epoch 207
2026-09-10 19:52:30.250926: Current learning rate: 0.00205
2026-09-10 19:53:41.931326: train_loss -0.8389
2026-09-10 19:53:41.939468: val_loss -0.7462
2026-09-10 19:53:41.945884: Pseudo dice [np.float32(0.948), np.float32(0.9431), np.float32(0.9333), np.float32(0.943), np.float32(0.768)]
2026-09-10 19:53:41.952154: Epoch time: 71.71 s
2026-09-10 19:53:43.267978: 
2026-09-10 19:53:43.274061: Epoch 208
2026-09-10 19:53:43.280512: Current learning rate: 0.00201
2026-09-10 19:54:53.170050: train_loss -0.8467
2026-09-10 19:54:53.186345: val_loss -0.7478
2026-09-10 19:54:53.199851: Pseudo dice [np.float32(0.9457), np.float32(0.9399), np.float32(0.9347), np.float32(0.943), np.float32(0.7671)]
2026-09-10 19:54:53.222121: Epoch time: 69.9 s
2026-09-10 19:54:54.823401: 
2026-09-10 19:54:54.830206: Epoch 209
2026-09-10 19:54:54.837232: Current learning rate: 0.00196
2026-09-10 19:56:06.778500: train_loss -0.8434
2026-09-10 19:56:06.789634: val_loss -0.7624
2026-09-10 19:56:06.797487: Pseudo dice [np.float32(0.9517), np.float32(0.9447), np.float32(0.9386), np.float32(0.9475), np.float32(0.7692)]
2026-09-10 19:56:06.805686: Epoch time: 71.96 s
2026-09-10 19:56:08.953310: 
2026-09-10 19:56:08.997499: Epoch 210
2026-09-10 19:56:09.022473: Current learning rate: 0.00192
2026-09-10 19:57:20.284287: train_loss -0.853
2026-09-10 19:57:20.294361: val_loss -0.751
2026-09-10 19:57:20.300791: Pseudo dice [np.float32(0.951), np.float32(0.9428), np.float32(0.9337), np.float32(0.9432), np.float32(0.7631)]
2026-09-10 19:57:20.309556: Epoch time: 71.33 s
2026-09-10 19:57:22.243491: 
2026-09-10 19:57:22.251526: Epoch 211
2026-09-10 19:57:22.259062: Current learning rate: 0.00188
2026-09-10 19:58:33.358591: train_loss -0.8482
2026-09-10 19:58:33.367382: val_loss -0.7492
2026-09-10 19:58:33.374552: Pseudo dice [np.float32(0.9498), np.float32(0.9433), np.float32(0.9305), np.float32(0.9428), np.float32(0.7789)]
2026-09-10 19:58:33.380756: Epoch time: 71.12 s
2026-09-10 19:58:34.781487: 
2026-09-10 19:58:34.787603: Epoch 212
2026-09-10 19:58:34.793707: Current learning rate: 0.00184
2026-09-10 19:59:44.554613: train_loss -0.8428
2026-09-10 19:59:44.565635: val_loss -0.7421
2026-09-10 19:59:44.582449: Pseudo dice [np.float32(0.9475), np.float32(0.9385), np.float32(0.9322), np.float32(0.9469), np.float32(0.7713)]
2026-09-10 19:59:44.614436: Epoch time: 69.77 s
2026-09-10 19:59:47.014068: 
2026-09-10 19:59:47.023455: Epoch 213
2026-09-10 19:59:47.030402: Current learning rate: 0.00179
2026-09-10 20:00:59.587315: train_loss -0.8414
2026-09-10 20:00:59.603402: val_loss -0.7491
2026-09-10 20:00:59.618021: Pseudo dice [np.float32(0.9484), np.float32(0.9429), np.float32(0.9329), np.float32(0.9443), np.float32(0.7606)]
2026-09-10 20:00:59.625481: Epoch time: 72.57 s
2026-09-10 20:01:01.652857: 
2026-09-10 20:01:01.663513: Epoch 214
2026-09-10 20:01:01.673345: Current learning rate: 0.00175
2026-09-10 20:02:12.775343: train_loss -0.8425
2026-09-10 20:02:12.785492: val_loss -0.7454
2026-09-10 20:02:12.792740: Pseudo dice [np.float32(0.9449), np.float32(0.9385), np.float32(0.9327), np.float32(0.9433), np.float32(0.7682)]
2026-09-10 20:02:12.798928: Epoch time: 71.13 s
2026-09-10 20:02:14.773720: 
2026-09-10 20:02:14.783847: Epoch 215
2026-09-10 20:02:14.791460: Current learning rate: 0.0017
2026-09-10 20:03:26.237588: train_loss -0.8412
2026-09-10 20:03:26.251693: val_loss -0.7465
2026-09-10 20:03:26.259588: Pseudo dice [np.float32(0.9466), np.float32(0.941), np.float32(0.9335), np.float32(0.9445), np.float32(0.7732)]
2026-09-10 20:03:26.268431: Epoch time: 71.47 s
2026-09-10 20:03:28.204170: 
2026-09-10 20:03:28.219473: Epoch 216
2026-09-10 20:03:28.226781: Current learning rate: 0.00166
2026-09-10 20:04:37.936168: train_loss -0.8486
2026-09-10 20:04:37.957362: val_loss -0.7438
2026-09-10 20:04:37.969902: Pseudo dice [np.float32(0.9503), np.float32(0.9384), np.float32(0.9361), np.float32(0.9438), np.float32(0.7714)]
2026-09-10 20:04:37.977371: Epoch time: 69.73 s
2026-09-10 20:04:39.300684: 
2026-09-10 20:04:39.307606: Epoch 217
2026-09-10 20:04:39.315851: Current learning rate: 0.00162
2026-09-10 20:05:48.869098: train_loss -0.8443
2026-09-10 20:05:48.876793: val_loss -0.7481
2026-09-10 20:05:48.883054: Pseudo dice [np.float32(0.9526), np.float32(0.9443), np.float32(0.9381), np.float32(0.9465), np.float32(0.7803)]
2026-09-10 20:05:48.889966: Epoch time: 69.57 s
2026-09-10 20:05:48.896378: Yayy! New best EMA pseudo Dice: 0.9078999757766724
2026-09-10 20:05:51.193041: 
2026-09-10 20:05:51.199856: Epoch 218
2026-09-10 20:05:51.206224: Current learning rate: 0.00157
2026-09-10 20:07:02.636479: train_loss -0.8468
2026-09-10 20:07:02.656384: val_loss -0.7471
2026-09-10 20:07:02.668848: Pseudo dice [np.float32(0.951), np.float32(0.9359), np.float32(0.9331), np.float32(0.94), np.float32(0.7642)]
2026-09-10 20:07:02.697073: Epoch time: 71.44 s
2026-09-10 20:07:04.688592: 
2026-09-10 20:07:04.697342: Epoch 219
2026-09-10 20:07:04.711657: Current learning rate: 0.00153
2026-09-10 20:08:16.010386: train_loss -0.849
2026-09-10 20:08:16.023365: val_loss -0.7453
2026-09-10 20:08:16.030728: Pseudo dice [np.float32(0.9473), np.float32(0.9356), np.float32(0.9356), np.float32(0.9401), np.float32(0.7651)]
2026-09-10 20:08:16.037070: Epoch time: 71.32 s
2026-09-10 20:08:18.044268: 
2026-09-10 20:08:18.052926: Epoch 220
2026-09-10 20:08:18.060699: Current learning rate: 0.00148
2026-09-10 20:09:26.800790: train_loss -0.8476
2026-09-10 20:09:26.817734: val_loss -0.7516
2026-09-10 20:09:26.825411: Pseudo dice [np.float32(0.9522), np.float32(0.9399), np.float32(0.9355), np.float32(0.9437), np.float32(0.7728)]
2026-09-10 20:09:26.854631: Epoch time: 68.76 s
2026-09-10 20:09:29.010110: 
2026-09-10 20:09:29.019248: Epoch 221
2026-09-10 20:09:29.026363: Current learning rate: 0.00144
2026-09-10 20:10:35.539302: train_loss -0.8469
2026-09-10 20:10:35.550022: val_loss -0.7337
2026-09-10 20:10:35.556742: Pseudo dice [np.float32(0.9511), np.float32(0.9368), np.float32(0.9318), np.float32(0.942), np.float32(0.7686)]
2026-09-10 20:10:35.562172: Epoch time: 66.53 s
2026-09-10 20:10:36.845270: 
2026-09-10 20:10:36.856915: Epoch 222
2026-09-10 20:10:36.864441: Current learning rate: 0.00139
2026-09-10 20:11:43.857080: train_loss -0.8465
2026-09-10 20:11:43.873371: val_loss -0.741
2026-09-10 20:11:43.885453: Pseudo dice [np.float32(0.9489), np.float32(0.9395), np.float32(0.9334), np.float32(0.9406), np.float32(0.7736)]
2026-09-10 20:11:43.904426: Epoch time: 67.01 s
2026-09-10 20:11:45.877744: 
2026-09-10 20:11:45.892663: Epoch 223
2026-09-10 20:11:45.900598: Current learning rate: 0.00135
2026-09-10 20:12:53.002019: train_loss -0.8492
2026-09-10 20:12:53.015497: val_loss -0.7535
2026-09-10 20:12:53.024457: Pseudo dice [np.float32(0.9491), np.float32(0.9414), np.float32(0.9355), np.float32(0.9423), np.float32(0.7707)]
2026-09-10 20:12:53.035271: Epoch time: 67.13 s
2026-09-10 20:12:55.008125: 
2026-09-10 20:12:55.021306: Epoch 224
2026-09-10 20:12:55.031465: Current learning rate: 0.0013
2026-09-10 20:14:05.252415: train_loss -0.8484
2026-09-10 20:14:05.269792: val_loss -0.7276
2026-09-10 20:14:05.278518: Pseudo dice [np.float32(0.9484), np.float32(0.9326), np.float32(0.9339), np.float32(0.9422), np.float32(0.7649)]
2026-09-10 20:14:05.287460: Epoch time: 70.25 s
2026-09-10 20:14:07.296293: 
2026-09-10 20:14:07.304453: Epoch 225
2026-09-10 20:14:07.312544: Current learning rate: 0.00126
2026-09-10 20:15:18.520675: train_loss -0.8477
2026-09-10 20:15:18.529228: val_loss -0.7533
2026-09-10 20:15:18.535744: Pseudo dice [np.float32(0.9495), np.float32(0.9412), np.float32(0.934), np.float32(0.9467), np.float32(0.7722)]
2026-09-10 20:15:18.542506: Epoch time: 71.23 s
2026-09-10 20:15:20.585740: 
2026-09-10 20:15:20.592842: Epoch 226
2026-09-10 20:15:20.599990: Current learning rate: 0.00121
2026-09-10 20:16:31.022464: train_loss -0.8482
2026-09-10 20:16:31.477789: val_loss -0.7562
2026-09-10 20:16:31.485540: Pseudo dice [np.float32(0.9513), np.float32(0.9417), np.float32(0.9343), np.float32(0.9451), np.float32(0.778)]
2026-09-10 20:16:31.505548: Epoch time: 70.44 s
2026-09-10 20:16:33.494063: 
2026-09-10 20:16:33.504909: Epoch 227
2026-09-10 20:16:33.511953: Current learning rate: 0.00117
2026-09-10 20:17:44.746000: train_loss -0.8469
2026-09-10 20:17:44.769828: val_loss -0.7492
2026-09-10 20:17:44.790903: Pseudo dice [np.float32(0.9515), np.float32(0.9393), np.float32(0.9352), np.float32(0.9458), np.float32(0.7777)]
2026-09-10 20:17:44.803389: Epoch time: 71.25 s
2026-09-10 20:17:46.959703: 
2026-09-10 20:17:46.973560: Epoch 228
2026-09-10 20:17:46.984622: Current learning rate: 0.00112
2026-09-10 20:18:58.834969: train_loss -0.8421
2026-09-10 20:18:58.856173: val_loss -0.7362
2026-09-10 20:18:58.865668: Pseudo dice [np.float32(0.9518), np.float32(0.9355), np.float32(0.9342), np.float32(0.9422), np.float32(0.7694)]
2026-09-10 20:18:58.876293: Epoch time: 71.88 s
2026-09-10 20:19:00.939487: 
2026-09-10 20:19:00.951991: Epoch 229
2026-09-10 20:19:00.958875: Current learning rate: 0.00108
2026-09-10 20:20:12.995901: train_loss -0.8496
2026-09-10 20:20:13.020626: val_loss -0.7454
2026-09-10 20:20:13.029863: Pseudo dice [np.float32(0.9505), np.float32(0.9407), np.float32(0.9367), np.float32(0.9449), np.float32(0.7658)]
2026-09-10 20:20:13.057501: Epoch time: 72.06 s
2026-09-10 20:20:15.080806: 
2026-09-10 20:20:15.098243: Epoch 230
2026-09-10 20:20:15.115149: Current learning rate: 0.00103
2026-09-10 20:21:25.548199: train_loss -0.8474
2026-09-10 20:21:25.570268: val_loss -0.7527
2026-09-10 20:21:25.579898: Pseudo dice [np.float32(0.9492), np.float32(0.9356), np.float32(0.9351), np.float32(0.943), np.float32(0.7714)]
2026-09-10 20:21:25.589088: Epoch time: 70.47 s
2026-09-10 20:21:26.965875: 
2026-09-10 20:21:26.976509: Epoch 231
2026-09-10 20:21:26.989855: Current learning rate: 0.00098
2026-09-10 20:22:37.587115: train_loss -0.8545
2026-09-10 20:22:37.624410: val_loss -0.7598
2026-09-10 20:22:37.638310: Pseudo dice [np.float32(0.9507), np.float32(0.9389), np.float32(0.9385), np.float32(0.9441), np.float32(0.7818)]
2026-09-10 20:22:37.648261: Epoch time: 70.62 s
2026-09-10 20:22:39.849358: 
2026-09-10 20:22:39.865436: Epoch 232
2026-09-10 20:22:39.879585: Current learning rate: 0.00094
2026-09-10 20:23:50.272227: train_loss -0.8482
2026-09-10 20:23:50.304802: val_loss -0.7485
2026-09-10 20:23:50.315397: Pseudo dice [np.float32(0.9512), np.float32(0.9379), np.float32(0.9388), np.float32(0.9436), np.float32(0.776)]
2026-09-10 20:23:50.332972: Epoch time: 70.43 s
2026-09-10 20:23:50.347453: Yayy! New best EMA pseudo Dice: 0.9081000089645386
2026-09-10 20:23:54.760898: 
2026-09-10 20:23:54.776915: Epoch 233
2026-09-10 20:23:54.793596: Current learning rate: 0.00089
2026-09-10 20:25:07.032776: train_loss -0.8569
2026-09-10 20:25:07.081430: val_loss -0.7464
2026-09-10 20:25:07.112303: Pseudo dice [np.float32(0.9476), np.float32(0.9463), np.float32(0.9313), np.float32(0.9455), np.float32(0.7757)]
2026-09-10 20:25:07.125498: Epoch time: 72.27 s
2026-09-10 20:25:07.134307: Yayy! New best EMA pseudo Dice: 0.9082000255584717
2026-09-10 20:25:10.772844: 
2026-09-10 20:25:10.786477: Epoch 234
2026-09-10 20:25:10.805042: Current learning rate: 0.00084
2026-09-10 20:26:22.006913: train_loss -0.8535
2026-09-10 20:26:22.051068: val_loss -0.7451
2026-09-10 20:26:22.080324: Pseudo dice [np.float32(0.9481), np.float32(0.9395), np.float32(0.9341), np.float32(0.9439), np.float32(0.7745)]
2026-09-10 20:26:22.090533: Epoch time: 71.24 s
2026-09-10 20:26:24.279327: 
2026-09-10 20:26:24.289095: Epoch 235
2026-09-10 20:26:24.308753: Current learning rate: 0.00079
2026-09-10 20:27:35.329784: train_loss -0.8465
2026-09-10 20:27:35.347615: val_loss -0.7532
2026-09-10 20:27:35.376258: Pseudo dice [np.float32(0.945), np.float32(0.9384), np.float32(0.9383), np.float32(0.9435), np.float32(0.7646)]
2026-09-10 20:27:35.390707: Epoch time: 71.05 s
2026-09-10 20:27:36.912153: 
2026-09-10 20:27:36.924713: Epoch 236
2026-09-10 20:27:36.940652: Current learning rate: 0.00075
2026-09-10 20:28:47.279108: train_loss -0.8502
2026-09-10 20:28:47.343827: val_loss -0.7403
2026-09-10 20:28:47.358950: Pseudo dice [np.float32(0.9479), np.float32(0.9371), np.float32(0.9353), np.float32(0.9437), np.float32(0.7778)]
2026-09-10 20:28:47.369017: Epoch time: 70.37 s
2026-09-10 20:28:48.745547: 
2026-09-10 20:28:48.755032: Epoch 237
2026-09-10 20:28:48.783684: Current learning rate: 0.0007
2026-09-10 20:30:00.249608: train_loss -0.8517
2026-09-10 20:30:00.267794: val_loss -0.7522
2026-09-10 20:30:00.281471: Pseudo dice [np.float32(0.9524), np.float32(0.9395), np.float32(0.9358), np.float32(0.9422), np.float32(0.7727)]
2026-09-10 20:30:00.303857: Epoch time: 71.51 s
2026-09-10 20:30:02.337951: 
2026-09-10 20:30:02.349650: Epoch 238
2026-09-10 20:30:02.367861: Current learning rate: 0.00065
2026-09-10 20:31:14.837455: train_loss -0.853
2026-09-10 20:31:14.852293: val_loss -0.7404
2026-09-10 20:31:14.861948: Pseudo dice [np.float32(0.9491), np.float32(0.9342), np.float32(0.938), np.float32(0.9429), np.float32(0.7719)]
2026-09-10 20:31:14.893954: Epoch time: 72.5 s
2026-09-10 20:31:17.100848: 
2026-09-10 20:31:17.125266: Epoch 239
2026-09-10 20:31:17.143903: Current learning rate: 0.0006
2026-09-10 20:32:29.375029: train_loss -0.8525
2026-09-10 20:32:29.525515: val_loss -0.7446
2026-09-10 20:32:29.571321: Pseudo dice [np.float32(0.9463), np.float32(0.9396), np.float32(0.9368), np.float32(0.947), np.float32(0.7683)]
2026-09-10 20:32:29.588472: Epoch time: 72.28 s
2026-09-10 20:32:31.936414: 
2026-09-10 20:32:31.961783: Epoch 240
2026-09-10 20:32:31.970994: Current learning rate: 0.00055
2026-09-10 20:33:41.728130: train_loss -0.8508
2026-09-10 20:33:41.745482: val_loss -0.7542
2026-09-10 20:33:41.777459: Pseudo dice [np.float32(0.9488), np.float32(0.9403), np.float32(0.9356), np.float32(0.9416), np.float32(0.77)]
2026-09-10 20:33:41.797542: Epoch time: 69.79 s
2026-09-10 20:33:43.899206: 
2026-09-10 20:33:43.911157: Epoch 241
2026-09-10 20:33:43.923940: Current learning rate: 0.0005
2026-09-10 20:34:52.255630: train_loss -0.8516
2026-09-10 20:34:52.281408: val_loss -0.7328
2026-09-10 20:34:52.308912: Pseudo dice [np.float32(0.9463), np.float32(0.9377), np.float32(0.9376), np.float32(0.9448), np.float32(0.7658)]
2026-09-10 20:34:52.329333: Epoch time: 68.36 s
2026-09-10 20:34:54.453578: 
2026-09-10 20:34:54.467711: Epoch 242
2026-09-10 20:34:54.475411: Current learning rate: 0.00045
2026-09-10 20:36:00.998453: train_loss -0.8521
2026-09-10 20:36:01.009943: val_loss -0.7478
2026-09-10 20:36:01.022512: Pseudo dice [np.float32(0.949), np.float32(0.938), np.float32(0.9357), np.float32(0.9468), np.float32(0.7666)]
2026-09-10 20:36:01.045738: Epoch time: 66.55 s
2026-09-10 20:36:02.539379: 
2026-09-10 20:36:02.562086: Epoch 243
2026-09-10 20:36:02.590066: Current learning rate: 0.0004
2026-09-10 20:37:09.029895: train_loss -0.8476
2026-09-10 20:37:09.044840: val_loss -0.7492
2026-09-10 20:37:09.063708: Pseudo dice [np.float32(0.9487), np.float32(0.9403), np.float32(0.9336), np.float32(0.9398), np.float32(0.7678)]
2026-09-10 20:37:09.071092: Epoch time: 66.49 s
2026-09-10 20:37:11.128707: 
2026-09-10 20:37:11.158498: Epoch 244
2026-09-10 20:37:11.172633: Current learning rate: 0.00035
2026-09-10 20:38:18.620173: train_loss -0.8484
2026-09-10 20:38:18.648357: val_loss -0.7369
2026-09-10 20:38:18.661443: Pseudo dice [np.float32(0.9449), np.float32(0.9378), np.float32(0.9355), np.float32(0.9405), np.float32(0.7637)]
2026-09-10 20:38:18.671010: Epoch time: 67.49 s
2026-09-10 20:38:20.782971: 
2026-09-10 20:38:20.797319: Epoch 245
2026-09-10 20:38:20.807419: Current learning rate: 0.0003
2026-09-10 20:39:30.733650: train_loss -0.8566
2026-09-10 20:39:30.758745: val_loss -0.7279
2026-09-10 20:39:30.770798: Pseudo dice [np.float32(0.9483), np.float32(0.9383), np.float32(0.9329), np.float32(0.9409), np.float32(0.7599)]
2026-09-10 20:39:30.780158: Epoch time: 69.95 s
2026-09-10 20:39:32.131243: 
2026-09-10 20:39:32.146269: Epoch 246
2026-09-10 20:39:32.153244: Current learning rate: 0.00024
2026-09-10 20:40:41.817647: train_loss -0.853
2026-09-10 20:40:41.860379: val_loss -0.7566
2026-09-10 20:40:41.867835: Pseudo dice [np.float32(0.9454), np.float32(0.9391), np.float32(0.9361), np.float32(0.9433), np.float32(0.7759)]
2026-09-10 20:40:41.885130: Epoch time: 69.69 s
2026-09-10 20:40:43.280816: 
2026-09-10 20:40:43.292661: Epoch 247
2026-09-10 20:40:43.298877: Current learning rate: 0.00019
2026-09-10 20:41:54.008477: train_loss -0.8498
2026-09-10 20:41:54.028546: val_loss -0.7542
2026-09-10 20:41:54.042216: Pseudo dice [np.float32(0.949), np.float32(0.9443), np.float32(0.9378), np.float32(0.9458), np.float32(0.7737)]
2026-09-10 20:41:54.053494: Epoch time: 70.73 s
2026-09-10 20:41:56.077101: 
2026-09-10 20:41:56.086639: Epoch 248
2026-09-10 20:41:56.098529: Current learning rate: 0.00013
2026-09-10 20:43:07.414572: train_loss -0.8518
2026-09-10 20:43:07.434576: val_loss -0.7404
2026-09-10 20:43:07.443649: Pseudo dice [np.float32(0.9479), np.float32(0.9366), np.float32(0.9316), np.float32(0.9434), np.float32(0.7697)]
2026-09-10 20:43:07.459967: Epoch time: 71.34 s
2026-09-10 20:43:09.603458: 
2026-09-10 20:43:09.614110: Epoch 249
2026-09-10 20:43:09.632919: Current learning rate: 7e-05
2026-09-10 20:44:21.109424: train_loss -0.8515
2026-09-10 20:44:21.128969: val_loss -0.7588
2026-09-10 20:44:21.145214: Pseudo dice [np.float32(0.9551), np.float32(0.9458), np.float32(0.9352), np.float32(0.949), np.float32(0.7714)]
2026-09-10 20:44:21.155726: Epoch time: 71.51 s
2026-09-10 20:44:25.718528: Training done.
2026-09-10 20:44:25.771758: Using splits from existing split file: /hpc/jgeo610/nnunet/preprocessed/Dataset501_CardiacBoth/splits_final.json
2026-09-10 20:44:25.804526: The split file contains 5 splits.
2026-09-10 20:44:25.827974: Desired fold for training: 1
2026-09-10 20:44:25.855396: This split has 33 training and 9 validation cases.
2026-09-10 20:44:25.891902: predicting CADRE_1131
2026-09-10 20:44:26.240692: CADRE_1131, shape torch.Size([2, 87, 432, 432]), rank 0
2026-09-10 20:44:48.062456: predicting CADRE_1382_first
2026-09-10 20:44:48.337014: CADRE_1382_first, shape torch.Size([2, 94, 432, 425]), rank 0
2026-09-10 20:44:57.839544: predicting CADRE_1404_second
2026-09-10 20:44:58.071563: CADRE_1404_second, shape torch.Size([2, 94, 432, 326]), rank 0
2026-09-10 20:45:04.089352: predicting CADRE_1517
2026-09-10 20:45:04.371224: CADRE_1517, shape torch.Size([2, 94, 432, 387]), rank 0
2026-09-10 20:45:13.075584: predicting CADRE_1545
2026-09-10 20:45:13.408971: CADRE_1545, shape torch.Size([2, 94, 432, 432]), rank 0
2026-09-10 20:45:21.886549: predicting CADRE_1672
2026-09-10 20:45:22.088133: CADRE_1672, shape torch.Size([2, 98, 432, 376]), rank 0
2026-09-10 20:45:34.672975: predicting CADRE_1714
2026-09-10 20:45:34.881413: CADRE_1714, shape torch.Size([2, 94, 432, 368]), rank 0
2026-09-10 20:45:43.381495: predicting CADRE_1863
2026-09-10 20:45:43.747597: CADRE_1863, shape torch.Size([2, 108, 432, 420]), rank 0
2026-09-10 20:45:55.845133: predicting CADRE_1871
2026-09-10 20:45:56.159873: CADRE_1871, shape torch.Size([2, 100, 432, 423]), rank 0
2026-09-10 20:46:31.981058: Validation complete
2026-09-10 20:46:32.002158: Mean Validation Dice:  0.904979503093271
