/tmp/matplotlib is not a writable directory
Matplotlib created a temporary cache directory at /tmp/matplotlib-9nmckjbo because there was an issue with the default path (/tmp/matplotlib); it is highly recommended to set the MPLCONFIGDIR environment variable to a writable directory, in particular to speed up the import of Matplotlib and to better support multiprocessing.

############################
INFO: You are using the old nnU-Net default plans. We have updated our recommendations. Please consider using those instead! Read more here: https://github.com/MIC-DKFZ/nnUNet/blob/master/documentation/resenc_presets.md
############################

Using device: cuda:0

#######################################################################
Please cite the following paper when using nnU-Net:
Isensee, F., Jaeger, P. F., Kohl, S. A., Petersen, J., & Maier-Hein, K. H. (2021). nnU-Net: a self-configuring method for deep learning-based biomedical image segmentation. Nature methods, 18(2), 203-211.
#######################################################################

2026-09-10 14:16:28.049114: Using torch.compile...
2026-09-10 14:16:30.771181: do_dummy_2d_data_aug: True
2026-09-10 14:16:30.783211: Using splits from existing split file: /hpc/jgeo610/nnunet/preprocessed/Dataset501_CardiacBoth/splits_final.json
2026-09-10 14:16:30.791966: The split file contains 5 splits.
2026-09-10 14:16:30.799330: Desired fold for training: 0
2026-09-10 14:16:30.806063: This split has 33 training and 9 validation cases.
using pin_memory on device 0
using pin_memory on device 0

This is the configuration used by this training:
Configuration name: 3d_fullres
 {'data_identifier': 'nnUNetPlans_3d_fullres', 'preprocessor_name': 'DefaultPreprocessor', 'batch_size': 2, 'patch_size': [48, 224, 224], 'median_image_size_in_voxels': [94.0, 432.0, 408.5], 'spacing': [1.25, 0.6967592835426331, 0.6967592835426331], 'normalization_schemes': ['ZScoreNormalization', 'ZScoreNormalization'], 'use_mask_for_norm': [False, False], 'resampling_fn_data': 'resample_data_or_seg_to_shape', 'resampling_fn_seg': 'resample_data_or_seg_to_shape', 'resampling_fn_data_kwargs': {'is_seg': False, 'order': 3, 'order_z': 0, 'force_separate_z': None}, 'resampling_fn_seg_kwargs': {'is_seg': True, 'order': 1, 'order_z': 0, 'force_separate_z': None}, 'resampling_fn_probabilities': 'resample_data_or_seg_to_shape', 'resampling_fn_probabilities_kwargs': {'is_seg': False, 'order': 1, 'order_z': 0, 'force_separate_z': None}, 'architecture': {'network_class_name': 'dynamic_network_architectures.architectures.unet.PlainConvUNet', 'arch_kwargs': {'n_stages': 6, 'features_per_stage': [32, 64, 128, 256, 320, 320], 'conv_op': 'torch.nn.modules.conv.Conv3d', 'kernel_sizes': [[3, 3, 3], [3, 3, 3], [3, 3, 3], [3, 3, 3], [3, 3, 3], [3, 3, 3]], 'strides': [[1, 1, 1], [2, 2, 2], [2, 2, 2], [2, 2, 2], [1, 2, 2], [1, 2, 2]], 'n_conv_per_stage': [2, 2, 2, 2, 2, 2], 'n_conv_per_stage_decoder': [2, 2, 2, 2, 2], 'conv_bias': True, 'norm_op': 'torch.nn.modules.instancenorm.InstanceNorm3d', 'norm_op_kwargs': {'eps': 1e-05, 'affine': True}, 'dropout_op': None, 'dropout_op_kwargs': None, 'nonlin': 'torch.nn.LeakyReLU', 'nonlin_kwargs': {'inplace': True}}, '_kw_requires_import': ['conv_op', 'norm_op', 'dropout_op', 'nonlin']}, 'batch_dice': False} 

These are the global plan.json settings:
 {'dataset_name': 'Dataset501_CardiacBoth', 'plans_name': 'nnUNetPlans', 'original_median_spacing_after_transp': [1.25, 0.6967592835426331, 0.6967592835426331], 'original_median_shape_after_transp': [94, 432, 408], 'image_reader_writer': 'SimpleITKIO', 'transpose_forward': [2, 0, 1], 'transpose_backward': [1, 2, 0], 'experiment_planner_used': 'ExperimentPlanner', 'label_manager': 'LabelManager', 'foreground_intensity_properties_per_channel': {'0': {'max': 2156.571533203125, 'mean': 776.3896484375, 'median': 843.4381103515625, 'min': 0.0, 'percentile_00_5': 0.0, 'percentile_99_5': 1860.5714111328125, 'std': 535.728759765625}, '1': {'max': 2156.571533203125, 'mean': 187.18650817871094, 'median': 74.74896240234375, 'min': 0.0, 'percentile_00_5': 0.0, 'percentile_99_5': 1503.896728515625, 'std': 289.24761962890625}}} 

2026-09-10 14:16:33.158876: Unable to plot network architecture: nnUNet_compile is enabled!
2026-09-10 14:16:33.205808: 
2026-09-10 14:16:33.213325: Epoch 0
2026-09-10 14:16:33.221166: Current learning rate: 0.01
2026-09-10 14:19:20.414358: train_loss 0.4964
2026-09-10 14:19:20.428470: val_loss 0.2368
2026-09-10 14:19:20.437040: Pseudo dice [np.float32(0.292), np.float32(0.1848), np.float32(0.4136), np.float32(0.1272), np.float32(0.5961)]
2026-09-10 14:19:20.447418: Epoch time: 167.21 s
2026-09-10 14:19:20.459769: Yayy! New best EMA pseudo Dice: 0.32280001044273376
2026-09-10 14:19:23.144907: 
2026-09-10 14:19:23.152206: Epoch 1
2026-09-10 14:19:23.159040: Current learning rate: 0.00996
2026-09-10 14:20:25.013788: train_loss 0.1662
2026-09-10 14:20:25.024940: val_loss -0.1192
2026-09-10 14:20:25.032797: Pseudo dice [np.float32(0.7655), np.float32(0.7259), np.float32(0.564), np.float32(0.4652), np.float32(0.6219)]
2026-09-10 14:20:25.038148: Epoch time: 61.87 s
2026-09-10 14:20:25.045589: Yayy! New best EMA pseudo Dice: 0.353300005197525
2026-09-10 14:20:27.250685: 
2026-09-10 14:20:27.268844: Epoch 2
2026-09-10 14:20:27.279812: Current learning rate: 0.00993
2026-09-10 14:21:29.298162: train_loss -0.069
2026-09-10 14:21:29.308456: val_loss -0.274
2026-09-10 14:21:29.319467: Pseudo dice [np.float32(0.8309), np.float32(0.7668), np.float32(0.6912), np.float32(0.5917), np.float32(0.6351)]
2026-09-10 14:21:29.332569: Epoch time: 62.05 s
2026-09-10 14:21:29.341922: Yayy! New best EMA pseudo Dice: 0.38830000162124634
2026-09-10 14:21:32.452521: 
2026-09-10 14:21:32.462293: Epoch 3
2026-09-10 14:21:32.470656: Current learning rate: 0.00989
2026-09-10 14:22:34.486364: train_loss -0.1541
2026-09-10 14:22:34.500283: val_loss -0.3833
2026-09-10 14:22:34.508328: Pseudo dice [np.float32(0.8517), np.float32(0.8318), np.float32(0.7995), np.float32(0.6502), np.float32(0.6558)]
2026-09-10 14:22:34.517178: Epoch time: 62.04 s
2026-09-10 14:22:34.524118: Yayy! New best EMA pseudo Dice: 0.4253000020980835
2026-09-10 14:22:37.728153: 
2026-09-10 14:22:37.738394: Epoch 4
2026-09-10 14:22:37.745464: Current learning rate: 0.00986
2026-09-10 14:23:39.573615: train_loss -0.2558
2026-09-10 14:23:39.582869: val_loss -0.4684
2026-09-10 14:23:39.589507: Pseudo dice [np.float32(0.8838), np.float32(0.8665), np.float32(0.8112), np.float32(0.7725), np.float32(0.6539)]
2026-09-10 14:23:39.596144: Epoch time: 61.85 s
2026-09-10 14:23:39.604944: Yayy! New best EMA pseudo Dice: 0.4625000059604645
2026-09-10 14:23:41.791570: 
2026-09-10 14:23:41.797046: Epoch 5
2026-09-10 14:23:41.807321: Current learning rate: 0.00982
2026-09-10 14:24:43.171874: train_loss -0.341
2026-09-10 14:24:43.188844: val_loss -0.4403
2026-09-10 14:24:43.199036: Pseudo dice [np.float32(0.8338), np.float32(0.818), np.float32(0.8252), np.float32(0.7872), np.float32(0.6436)]
2026-09-10 14:24:43.210517: Epoch time: 61.38 s
2026-09-10 14:24:43.219955: Yayy! New best EMA pseudo Dice: 0.4943999946117401
2026-09-10 14:24:45.979714: 
2026-09-10 14:24:45.986507: Epoch 6
2026-09-10 14:24:45.993633: Current learning rate: 0.00978
2026-09-10 14:25:47.879910: train_loss -0.3935
2026-09-10 14:25:47.926390: val_loss -0.4521
2026-09-10 14:25:47.975266: Pseudo dice [np.float32(0.9019), np.float32(0.8372), np.float32(0.7844), np.float32(0.7796), np.float32(0.6575)]
2026-09-10 14:25:48.001244: Epoch time: 61.9 s
2026-09-10 14:25:48.012406: Yayy! New best EMA pseudo Dice: 0.5242000222206116
2026-09-10 14:25:51.068170: 
2026-09-10 14:25:51.076390: Epoch 7
2026-09-10 14:25:51.086009: Current learning rate: 0.00975
2026-09-10 14:26:53.026994: train_loss -0.402
2026-09-10 14:26:53.034953: val_loss -0.5791
2026-09-10 14:26:53.041925: Pseudo dice [np.float32(0.9138), np.float32(0.8748), np.float32(0.866), np.float32(0.8332), np.float32(0.6887)]
2026-09-10 14:26:53.049634: Epoch time: 61.96 s
2026-09-10 14:26:53.061725: Yayy! New best EMA pseudo Dice: 0.5552999973297119
2026-09-10 14:26:57.295234: 
2026-09-10 14:26:57.304916: Epoch 8
2026-09-10 14:26:57.312604: Current learning rate: 0.00971
2026-09-10 14:27:59.298511: train_loss -0.4998
2026-09-10 14:27:59.309420: val_loss -0.6037
2026-09-10 14:27:59.316476: Pseudo dice [np.float32(0.9099), np.float32(0.905), np.float32(0.8845), np.float32(0.8935), np.float32(0.6683)]
2026-09-10 14:27:59.322857: Epoch time: 62.01 s
2026-09-10 14:27:59.328995: Yayy! New best EMA pseudo Dice: 0.5849999785423279
2026-09-10 14:28:01.475914: 
2026-09-10 14:28:01.482600: Epoch 9
2026-09-10 14:28:01.489538: Current learning rate: 0.00968
2026-09-10 14:29:03.125610: train_loss -0.5277
2026-09-10 14:29:03.142345: val_loss -0.6301
2026-09-10 14:29:03.151585: Pseudo dice [np.float32(0.9212), np.float32(0.9057), np.float32(0.8873), np.float32(0.8794), np.float32(0.7021)]
2026-09-10 14:29:03.160545: Epoch time: 61.65 s
2026-09-10 14:29:03.171360: Yayy! New best EMA pseudo Dice: 0.6123999953269958
2026-09-10 14:29:06.261352: 
2026-09-10 14:29:06.281327: Epoch 10
2026-09-10 14:29:06.297444: Current learning rate: 0.00964
2026-09-10 14:30:08.490160: train_loss -0.5032
2026-09-10 14:30:08.511138: val_loss -0.6226
2026-09-10 14:30:08.519810: Pseudo dice [np.float32(0.9047), np.float32(0.9027), np.float32(0.89), np.float32(0.8903), np.float32(0.6637)]
2026-09-10 14:30:08.531865: Epoch time: 62.23 s
2026-09-10 14:30:08.539223: Yayy! New best EMA pseudo Dice: 0.6362000107765198
2026-09-10 14:30:11.394571: 
2026-09-10 14:30:11.402706: Epoch 11
2026-09-10 14:30:11.415232: Current learning rate: 0.0096
2026-09-10 14:31:13.433148: train_loss -0.5277
2026-09-10 14:31:13.445248: val_loss -0.6042
2026-09-10 14:31:13.454360: Pseudo dice [np.float32(0.9179), np.float32(0.8909), np.float32(0.8785), np.float32(0.8681), np.float32(0.6917)]
2026-09-10 14:31:13.475444: Epoch time: 62.04 s
2026-09-10 14:31:13.482871: Yayy! New best EMA pseudo Dice: 0.6575000286102295
2026-09-10 14:31:16.619984: 
2026-09-10 14:31:16.627496: Epoch 12
2026-09-10 14:31:16.636426: Current learning rate: 0.00957
2026-09-10 14:32:18.544337: train_loss -0.5926
2026-09-10 14:32:18.557082: val_loss -0.6676
2026-09-10 14:32:18.565041: Pseudo dice [np.float32(0.9254), np.float32(0.9184), np.float32(0.899), np.float32(0.9073), np.float32(0.7137)]
2026-09-10 14:32:18.576567: Epoch time: 61.93 s
2026-09-10 14:32:18.596848: Yayy! New best EMA pseudo Dice: 0.6790000200271606
2026-09-10 14:32:21.966426: 
2026-09-10 14:32:21.975121: Epoch 13
2026-09-10 14:32:21.984318: Current learning rate: 0.00953
2026-09-10 14:33:24.079575: train_loss -0.5847
2026-09-10 14:33:24.091650: val_loss -0.6682
2026-09-10 14:33:24.098865: Pseudo dice [np.float32(0.9302), np.float32(0.9116), np.float32(0.9003), np.float32(0.9158), np.float32(0.7116)]
2026-09-10 14:33:24.107011: Epoch time: 62.11 s
2026-09-10 14:33:24.114126: Yayy! New best EMA pseudo Dice: 0.6984999775886536
2026-09-10 14:33:27.124802: 
2026-09-10 14:33:27.133840: Epoch 14
2026-09-10 14:33:27.141078: Current learning rate: 0.00949
2026-09-10 14:34:28.730338: train_loss -0.5946
2026-09-10 14:34:28.751424: val_loss -0.6852
2026-09-10 14:34:28.764377: Pseudo dice [np.float32(0.9337), np.float32(0.9186), np.float32(0.9076), np.float32(0.9183), np.float32(0.724)]
2026-09-10 14:34:28.782511: Epoch time: 61.61 s
2026-09-10 14:34:28.795483: Yayy! New best EMA pseudo Dice: 0.71670001745224
2026-09-10 14:34:31.973256: 
2026-09-10 14:34:31.981658: Epoch 15
2026-09-10 14:34:31.988137: Current learning rate: 0.00946
2026-09-10 14:35:34.092753: train_loss -0.6265
2026-09-10 14:35:34.101900: val_loss -0.6942
2026-09-10 14:35:34.107972: Pseudo dice [np.float32(0.9417), np.float32(0.9309), np.float32(0.9037), np.float32(0.9143), np.float32(0.7185)]
2026-09-10 14:35:34.115967: Epoch time: 62.12 s
2026-09-10 14:35:34.122865: Yayy! New best EMA pseudo Dice: 0.7332000136375427
2026-09-10 14:35:37.143053: 
2026-09-10 14:35:37.153937: Epoch 16
2026-09-10 14:35:37.162150: Current learning rate: 0.00942
2026-09-10 14:36:38.702303: train_loss -0.6335
2026-09-10 14:36:38.715752: val_loss -0.7182
2026-09-10 14:36:38.722952: Pseudo dice [np.float32(0.9435), np.float32(0.9354), np.float32(0.9145), np.float32(0.9265), np.float32(0.7258)]
2026-09-10 14:36:38.731443: Epoch time: 61.56 s
2026-09-10 14:36:38.739244: Yayy! New best EMA pseudo Dice: 0.7487999796867371
2026-09-10 14:36:41.829743: 
2026-09-10 14:36:41.836494: Epoch 17
2026-09-10 14:36:41.843541: Current learning rate: 0.00939
2026-09-10 14:37:43.478633: train_loss -0.6201
2026-09-10 14:37:43.506364: val_loss -0.6681
2026-09-10 14:37:43.534806: Pseudo dice [np.float32(0.9253), np.float32(0.915), np.float32(0.9012), np.float32(0.9206), np.float32(0.7228)]
2026-09-10 14:37:43.547400: Epoch time: 61.65 s
2026-09-10 14:37:43.562545: Yayy! New best EMA pseudo Dice: 0.7616000175476074
2026-09-10 14:37:46.638419: 
2026-09-10 14:37:46.656605: Epoch 18
2026-09-10 14:37:46.671126: Current learning rate: 0.00935
2026-09-10 14:38:48.325133: train_loss -0.6011
2026-09-10 14:38:48.345397: val_loss -0.7076
2026-09-10 14:38:48.354831: Pseudo dice [np.float32(0.9321), np.float32(0.9278), np.float32(0.9131), np.float32(0.9257), np.float32(0.7261)]
2026-09-10 14:38:48.362048: Epoch time: 61.69 s
2026-09-10 14:38:48.370666: Yayy! New best EMA pseudo Dice: 0.7739999890327454
2026-09-10 14:38:51.450948: 
2026-09-10 14:38:51.459338: Epoch 19
2026-09-10 14:38:51.466576: Current learning rate: 0.00931
2026-09-10 14:39:54.066844: train_loss -0.6364
2026-09-10 14:39:54.089368: val_loss -0.7076
2026-09-10 14:39:54.100649: Pseudo dice [np.float32(0.9382), np.float32(0.9284), np.float32(0.9189), np.float32(0.9249), np.float32(0.7241)]
2026-09-10 14:39:54.118427: Epoch time: 62.62 s
2026-09-10 14:39:54.128441: Yayy! New best EMA pseudo Dice: 0.7853000164031982
2026-09-10 14:39:57.350933: 
2026-09-10 14:39:57.362332: Epoch 20
2026-09-10 14:39:57.372415: Current learning rate: 0.00928
2026-09-10 14:40:59.452202: train_loss -0.6508
2026-09-10 14:40:59.465473: val_loss -0.7052
2026-09-10 14:40:59.475620: Pseudo dice [np.float32(0.9369), np.float32(0.9226), np.float32(0.9182), np.float32(0.9158), np.float32(0.7219)]
2026-09-10 14:40:59.487527: Epoch time: 62.1 s
2026-09-10 14:40:59.500304: Yayy! New best EMA pseudo Dice: 0.7950000166893005
2026-09-10 14:41:01.901409: 
2026-09-10 14:41:01.908322: Epoch 21
2026-09-10 14:41:01.914823: Current learning rate: 0.00924
2026-09-10 14:42:03.389701: train_loss -0.6353
2026-09-10 14:42:03.406142: val_loss -0.7112
2026-09-10 14:42:03.413948: Pseudo dice [np.float32(0.9363), np.float32(0.9252), np.float32(0.9148), np.float32(0.9284), np.float32(0.7078)]
2026-09-10 14:42:03.420802: Epoch time: 61.49 s
2026-09-10 14:42:03.429538: Yayy! New best EMA pseudo Dice: 0.8037999868392944
2026-09-10 14:42:06.452830: 
2026-09-10 14:42:06.460060: Epoch 22
2026-09-10 14:42:06.467203: Current learning rate: 0.0092
2026-09-10 14:43:07.123840: train_loss -0.672
2026-09-10 14:43:07.136110: val_loss -0.7239
2026-09-10 14:43:07.142092: Pseudo dice [np.float32(0.9341), np.float32(0.9334), np.float32(0.9144), np.float32(0.933), np.float32(0.7319)]
2026-09-10 14:43:07.149620: Epoch time: 60.67 s
2026-09-10 14:43:07.164367: Yayy! New best EMA pseudo Dice: 0.8123000264167786
2026-09-10 14:43:09.479841: 
2026-09-10 14:43:09.488254: Epoch 23
2026-09-10 14:43:09.499397: Current learning rate: 0.00917
2026-09-10 14:44:10.098793: train_loss -0.6812
2026-09-10 14:44:10.111707: val_loss -0.7179
2026-09-10 14:44:10.119859: Pseudo dice [np.float32(0.9425), np.float32(0.931), np.float32(0.9207), np.float32(0.9336), np.float32(0.734)]
2026-09-10 14:44:10.129472: Epoch time: 60.62 s
2026-09-10 14:44:10.140366: Yayy! New best EMA pseudo Dice: 0.8202999830245972
2026-09-10 14:44:13.091278: 
2026-09-10 14:44:13.100935: Epoch 24
2026-09-10 14:44:13.111145: Current learning rate: 0.00913
2026-09-10 14:45:13.200985: train_loss -0.694
2026-09-10 14:45:13.212556: val_loss -0.7446
2026-09-10 14:45:13.220093: Pseudo dice [np.float32(0.9445), np.float32(0.9407), np.float32(0.9238), np.float32(0.9388), np.float32(0.7563)]
2026-09-10 14:45:13.226387: Epoch time: 60.11 s
2026-09-10 14:45:13.234935: Yayy! New best EMA pseudo Dice: 0.8284000158309937
2026-09-10 14:45:15.490381: 
2026-09-10 14:45:15.498132: Epoch 25
2026-09-10 14:45:15.504804: Current learning rate: 0.0091
2026-09-10 14:46:17.312031: train_loss -0.7044
2026-09-10 14:46:17.341168: val_loss -0.7314
2026-09-10 14:46:17.356563: Pseudo dice [np.float32(0.9434), np.float32(0.9284), np.float32(0.9238), np.float32(0.9322), np.float32(0.7407)]
2026-09-10 14:46:17.366252: Epoch time: 61.82 s
2026-09-10 14:46:17.380622: Yayy! New best EMA pseudo Dice: 0.8349000215530396
2026-09-10 14:46:20.471920: 
2026-09-10 14:46:20.483350: Epoch 26
2026-09-10 14:46:20.493448: Current learning rate: 0.00906
2026-09-10 14:47:21.192806: train_loss -0.7044
2026-09-10 14:47:21.214466: val_loss -0.737
2026-09-10 14:47:21.225409: Pseudo dice [np.float32(0.9456), np.float32(0.9324), np.float32(0.9244), np.float32(0.9292), np.float32(0.7401)]
2026-09-10 14:47:21.238097: Epoch time: 60.72 s
2026-09-10 14:47:21.249389: Yayy! New best EMA pseudo Dice: 0.8409000039100647
2026-09-10 14:47:24.283876: 
2026-09-10 14:47:24.297248: Epoch 27
2026-09-10 14:47:24.326383: Current learning rate: 0.00902
2026-09-10 14:48:25.056573: train_loss -0.7
2026-09-10 14:48:25.069247: val_loss -0.7327
2026-09-10 14:48:25.075363: Pseudo dice [np.float32(0.9383), np.float32(0.9262), np.float32(0.9216), np.float32(0.9315), np.float32(0.745)]
2026-09-10 14:48:25.083644: Epoch time: 60.77 s
2026-09-10 14:48:25.090226: Yayy! New best EMA pseudo Dice: 0.8460000157356262
2026-09-10 14:48:27.503176: 
2026-09-10 14:48:27.512317: Epoch 28
2026-09-10 14:48:27.518438: Current learning rate: 0.00899
2026-09-10 14:49:28.013011: train_loss -0.7043
2026-09-10 14:49:28.044331: val_loss -0.7463
2026-09-10 14:49:28.069422: Pseudo dice [np.float32(0.9473), np.float32(0.9323), np.float32(0.9262), np.float32(0.9304), np.float32(0.7496)]
2026-09-10 14:49:28.077962: Epoch time: 60.51 s
2026-09-10 14:49:28.086415: Yayy! New best EMA pseudo Dice: 0.8511000275611877
2026-09-10 14:49:31.058047: 
2026-09-10 14:49:31.071276: Epoch 29
2026-09-10 14:49:31.081345: Current learning rate: 0.00895
2026-09-10 14:50:33.235721: train_loss -0.7004
2026-09-10 14:50:33.247849: val_loss -0.7407
2026-09-10 14:50:33.255534: Pseudo dice [np.float32(0.9423), np.float32(0.9345), np.float32(0.9275), np.float32(0.9387), np.float32(0.725)]
2026-09-10 14:50:33.262870: Epoch time: 62.18 s
2026-09-10 14:50:33.269395: Yayy! New best EMA pseudo Dice: 0.855400025844574
2026-09-10 14:50:36.340639: 
2026-09-10 14:50:36.353273: Epoch 30
2026-09-10 14:50:36.366525: Current learning rate: 0.00891
2026-09-10 14:51:38.181020: train_loss -0.7049
2026-09-10 14:51:38.193092: val_loss -0.7102
2026-09-10 14:51:38.201444: Pseudo dice [np.float32(0.9318), np.float32(0.9298), np.float32(0.9136), np.float32(0.9285), np.float32(0.7317)]
2026-09-10 14:51:38.212440: Epoch time: 61.84 s
2026-09-10 14:51:38.222398: Yayy! New best EMA pseudo Dice: 0.8586000204086304
2026-09-10 14:51:41.375688: 
2026-09-10 14:51:41.384615: Epoch 31
2026-09-10 14:51:41.391701: Current learning rate: 0.00888
2026-09-10 14:52:42.293467: train_loss -0.6947
2026-09-10 14:52:42.304846: val_loss -0.7368
2026-09-10 14:52:42.314449: Pseudo dice [np.float32(0.94), np.float32(0.9367), np.float32(0.9257), np.float32(0.9387), np.float32(0.7377)]
2026-09-10 14:52:42.321087: Epoch time: 60.92 s
2026-09-10 14:52:42.329406: Yayy! New best EMA pseudo Dice: 0.8622999787330627
2026-09-10 14:52:45.173846: 
2026-09-10 14:52:45.185000: Epoch 32
2026-09-10 14:52:45.192684: Current learning rate: 0.00884
2026-09-10 14:53:45.941976: train_loss -0.7093
2026-09-10 14:53:45.955368: val_loss -0.7508
2026-09-10 14:53:45.966394: Pseudo dice [np.float32(0.9445), np.float32(0.9378), np.float32(0.9258), np.float32(0.9364), np.float32(0.7507)]
2026-09-10 14:53:45.973471: Epoch time: 60.77 s
2026-09-10 14:53:45.985366: Yayy! New best EMA pseudo Dice: 0.8659999966621399
2026-09-10 14:53:49.073761: 
2026-09-10 14:53:49.079945: Epoch 33
2026-09-10 14:53:49.086729: Current learning rate: 0.0088
2026-09-10 14:54:49.740265: train_loss -0.7026
2026-09-10 14:54:49.757498: val_loss -0.7421
2026-09-10 14:54:49.767118: Pseudo dice [np.float32(0.9354), np.float32(0.9319), np.float32(0.9221), np.float32(0.9379), np.float32(0.7561)]
2026-09-10 14:54:49.774825: Epoch time: 60.67 s
2026-09-10 14:54:49.784044: Yayy! New best EMA pseudo Dice: 0.8690000176429749
2026-09-10 14:54:52.945313: 
2026-09-10 14:54:52.952274: Epoch 34
2026-09-10 14:54:52.963735: Current learning rate: 0.00877
2026-09-10 14:55:53.743537: train_loss -0.7062
2026-09-10 14:55:53.762644: val_loss -0.7413
2026-09-10 14:55:53.774370: Pseudo dice [np.float32(0.9436), np.float32(0.9317), np.float32(0.9201), np.float32(0.9302), np.float32(0.7431)]
2026-09-10 14:55:53.783425: Epoch time: 60.8 s
2026-09-10 14:55:53.794391: Yayy! New best EMA pseudo Dice: 0.8715000152587891
2026-09-10 14:55:56.850484: 
2026-09-10 14:55:56.862539: Epoch 35
2026-09-10 14:55:56.873481: Current learning rate: 0.00873
2026-09-10 14:56:57.599525: train_loss -0.7201
2026-09-10 14:56:57.611658: val_loss -0.7373
2026-09-10 14:56:57.617799: Pseudo dice [np.float32(0.9429), np.float32(0.9253), np.float32(0.9262), np.float32(0.9333), np.float32(0.74)]
2026-09-10 14:56:57.624314: Epoch time: 60.75 s
2026-09-10 14:56:57.630346: Yayy! New best EMA pseudo Dice: 0.8737000226974487
2026-09-10 14:56:59.891787: 
2026-09-10 14:56:59.915033: Epoch 36
2026-09-10 14:56:59.938941: Current learning rate: 0.00869
2026-09-10 14:58:00.626582: train_loss -0.7244
2026-09-10 14:58:00.647033: val_loss -0.7512
2026-09-10 14:58:00.656384: Pseudo dice [np.float32(0.9485), np.float32(0.9376), np.float32(0.9298), np.float32(0.9382), np.float32(0.7553)]
2026-09-10 14:58:00.663633: Epoch time: 60.74 s
2026-09-10 14:58:00.673759: Yayy! New best EMA pseudo Dice: 0.8765000104904175
2026-09-10 14:58:03.710162: 
2026-09-10 14:58:03.722911: Epoch 37
2026-09-10 14:58:03.733865: Current learning rate: 0.00866
2026-09-10 14:59:04.373366: train_loss -0.723
2026-09-10 14:59:04.387618: val_loss -0.7555
2026-09-10 14:59:04.397296: Pseudo dice [np.float32(0.9471), np.float32(0.9349), np.float32(0.926), np.float32(0.9363), np.float32(0.7613)]
2026-09-10 14:59:04.406246: Epoch time: 60.67 s
2026-09-10 14:59:04.411536: Yayy! New best EMA pseudo Dice: 0.8790000081062317
2026-09-10 14:59:07.370230: 
2026-09-10 14:59:07.377747: Epoch 38
2026-09-10 14:59:07.384681: Current learning rate: 0.00862
2026-09-10 15:00:08.052402: train_loss -0.73
2026-09-10 15:00:08.064289: val_loss -0.7621
2026-09-10 15:00:08.070494: Pseudo dice [np.float32(0.9509), np.float32(0.9394), np.float32(0.9237), np.float32(0.9406), np.float32(0.7609)]
2026-09-10 15:00:08.076719: Epoch time: 60.68 s
2026-09-10 15:00:08.082904: Yayy! New best EMA pseudo Dice: 0.8813999891281128
2026-09-10 15:00:10.387365: 
2026-09-10 15:00:10.394743: Epoch 39
2026-09-10 15:00:10.400930: Current learning rate: 0.00858
2026-09-10 15:01:11.133567: train_loss -0.7323
2026-09-10 15:01:11.141581: val_loss -0.752
2026-09-10 15:01:11.152890: Pseudo dice [np.float32(0.9468), np.float32(0.9403), np.float32(0.9259), np.float32(0.9313), np.float32(0.7528)]
2026-09-10 15:01:11.160357: Epoch time: 60.75 s
2026-09-10 15:01:11.171510: Yayy! New best EMA pseudo Dice: 0.8831999897956848
2026-09-10 15:01:14.260206: 
2026-09-10 15:01:14.272625: Epoch 40
2026-09-10 15:01:14.282628: Current learning rate: 0.00855
2026-09-10 15:02:14.938720: train_loss -0.7169
2026-09-10 15:02:14.953380: val_loss -0.7321
2026-09-10 15:02:14.969172: Pseudo dice [np.float32(0.937), np.float32(0.9353), np.float32(0.9019), np.float32(0.9283), np.float32(0.7269)]
2026-09-10 15:02:14.986755: Epoch time: 60.68 s
2026-09-10 15:02:15.002861: Yayy! New best EMA pseudo Dice: 0.8834999799728394
2026-09-10 15:02:17.380508: 
2026-09-10 15:02:17.387073: Epoch 41
2026-09-10 15:02:17.393485: Current learning rate: 0.00851
2026-09-10 15:03:18.491189: train_loss -0.7072
2026-09-10 15:03:18.505543: val_loss -0.7411
2026-09-10 15:03:18.513809: Pseudo dice [np.float32(0.938), np.float32(0.9329), np.float32(0.9215), np.float32(0.9398), np.float32(0.7541)]
2026-09-10 15:03:18.521319: Epoch time: 61.11 s
2026-09-10 15:03:18.532375: Yayy! New best EMA pseudo Dice: 0.8848000168800354
2026-09-10 15:03:21.427183: 
2026-09-10 15:03:21.440624: Epoch 42
2026-09-10 15:03:21.455451: Current learning rate: 0.00847
2026-09-10 15:04:22.154014: train_loss -0.7237
2026-09-10 15:04:22.168643: val_loss -0.7625
2026-09-10 15:04:22.176910: Pseudo dice [np.float32(0.9477), np.float32(0.9413), np.float32(0.9297), np.float32(0.9415), np.float32(0.7561)]
2026-09-10 15:04:22.184249: Epoch time: 60.73 s
2026-09-10 15:04:22.193385: Yayy! New best EMA pseudo Dice: 0.8866999745368958
2026-09-10 15:04:26.602388: 
2026-09-10 15:04:26.610300: Epoch 43
2026-09-10 15:04:26.622341: Current learning rate: 0.00844
2026-09-10 15:05:27.651652: train_loss -0.745
2026-09-10 15:05:27.700123: val_loss -0.7472
2026-09-10 15:05:27.709525: Pseudo dice [np.float32(0.9508), np.float32(0.9352), np.float32(0.9303), np.float32(0.9426), np.float32(0.7543)]
2026-09-10 15:05:27.730557: Epoch time: 61.05 s
2026-09-10 15:05:27.745353: Yayy! New best EMA pseudo Dice: 0.8883000016212463
2026-09-10 15:05:30.689005: 
2026-09-10 15:05:30.695666: Epoch 44
2026-09-10 15:05:30.702980: Current learning rate: 0.0084
2026-09-10 15:06:31.296301: train_loss -0.736
2026-09-10 15:06:31.308433: val_loss -0.7407
2026-09-10 15:06:31.315540: Pseudo dice [np.float32(0.9483), np.float32(0.9367), np.float32(0.9133), np.float32(0.934), np.float32(0.7421)]
2026-09-10 15:06:31.328430: Epoch time: 60.61 s
2026-09-10 15:06:31.337871: Yayy! New best EMA pseudo Dice: 0.8888999819755554
2026-09-10 15:06:34.327031: 
2026-09-10 15:06:34.336040: Epoch 45
2026-09-10 15:06:34.344112: Current learning rate: 0.00836
2026-09-10 15:07:35.091313: train_loss -0.7203
2026-09-10 15:07:35.104445: val_loss -0.7481
2026-09-10 15:07:35.120664: Pseudo dice [np.float32(0.945), np.float32(0.9334), np.float32(0.926), np.float32(0.9381), np.float32(0.7596)]
2026-09-10 15:07:35.128465: Epoch time: 60.77 s
2026-09-10 15:07:35.135010: Yayy! New best EMA pseudo Dice: 0.8901000022888184
2026-09-10 15:07:38.199973: 
2026-09-10 15:07:38.205934: Epoch 46
2026-09-10 15:07:38.214469: Current learning rate: 0.00833
2026-09-10 15:08:38.863402: train_loss -0.7374
2026-09-10 15:08:38.874733: val_loss -0.7646
2026-09-10 15:08:38.882095: Pseudo dice [np.float32(0.9519), np.float32(0.9395), np.float32(0.9248), np.float32(0.9381), np.float32(0.7644)]
2026-09-10 15:08:38.888830: Epoch time: 60.66 s
2026-09-10 15:08:38.896419: Yayy! New best EMA pseudo Dice: 0.8913999795913696
2026-09-10 15:08:42.238954: 
2026-09-10 15:08:42.252047: Epoch 47
2026-09-10 15:08:42.259622: Current learning rate: 0.00829
2026-09-10 15:09:43.016859: train_loss -0.7357
2026-09-10 15:09:43.030982: val_loss -0.7616
2026-09-10 15:09:43.042361: Pseudo dice [np.float32(0.9474), np.float32(0.9373), np.float32(0.9257), np.float32(0.9394), np.float32(0.7568)]
2026-09-10 15:09:43.049604: Epoch time: 60.78 s
2026-09-10 15:09:43.056735: Yayy! New best EMA pseudo Dice: 0.8924000263214111
2026-09-10 15:09:45.273998: 
2026-09-10 15:09:45.281793: Epoch 48
2026-09-10 15:09:45.288177: Current learning rate: 0.00825
2026-09-10 15:10:46.610096: train_loss -0.741
2026-09-10 15:10:46.630409: val_loss -0.7649
2026-09-10 15:10:46.640424: Pseudo dice [np.float32(0.9502), np.float32(0.945), np.float32(0.9233), np.float32(0.9465), np.float32(0.7617)]
2026-09-10 15:10:46.647686: Epoch time: 61.34 s
2026-09-10 15:10:46.655848: Yayy! New best EMA pseudo Dice: 0.8937000036239624
2026-09-10 15:10:49.817868: 
2026-09-10 15:10:49.827945: Epoch 49
2026-09-10 15:10:49.838357: Current learning rate: 0.00822
2026-09-10 15:11:51.164902: train_loss -0.7363
2026-09-10 15:11:51.181491: val_loss -0.7493
2026-09-10 15:11:51.192405: Pseudo dice [np.float32(0.951), np.float32(0.9364), np.float32(0.9297), np.float32(0.9343), np.float32(0.7543)]
2026-09-10 15:11:51.202443: Epoch time: 61.35 s
2026-09-10 15:11:52.368485: Yayy! New best EMA pseudo Dice: 0.8945000171661377
2026-09-10 15:11:55.530149: 
2026-09-10 15:11:55.542242: Epoch 50
2026-09-10 15:11:55.552585: Current learning rate: 0.00818
2026-09-10 15:12:57.232796: train_loss -0.7396
2026-09-10 15:12:57.245745: val_loss -0.7585
2026-09-10 15:12:57.253064: Pseudo dice [np.float32(0.9517), np.float32(0.941), np.float32(0.936), np.float32(0.9382), np.float32(0.7661)]
2026-09-10 15:12:57.259545: Epoch time: 61.71 s
2026-09-10 15:12:57.266227: Yayy! New best EMA pseudo Dice: 0.8956999778747559
2026-09-10 15:12:59.314899: 
2026-09-10 15:12:59.321545: Epoch 51
2026-09-10 15:12:59.331403: Current learning rate: 0.00814
2026-09-10 15:14:00.459208: train_loss -0.7396
2026-09-10 15:14:00.471419: val_loss -0.7508
2026-09-10 15:14:00.480767: Pseudo dice [np.float32(0.947), np.float32(0.9352), np.float32(0.9279), np.float32(0.9333), np.float32(0.7541)]
2026-09-10 15:14:00.487174: Epoch time: 61.15 s
2026-09-10 15:14:00.496070: Yayy! New best EMA pseudo Dice: 0.8960999846458435
2026-09-10 15:14:03.715386: 
2026-09-10 15:14:03.723685: Epoch 52
2026-09-10 15:14:03.731610: Current learning rate: 0.00811
2026-09-10 15:15:04.317830: train_loss -0.7352
2026-09-10 15:15:04.329292: val_loss -0.7634
2026-09-10 15:15:04.335744: Pseudo dice [np.float32(0.9497), np.float32(0.9399), np.float32(0.9258), np.float32(0.9396), np.float32(0.748)]
2026-09-10 15:15:04.343705: Epoch time: 60.61 s
2026-09-10 15:15:04.350351: Yayy! New best EMA pseudo Dice: 0.8964999914169312
2026-09-10 15:15:07.533196: 
2026-09-10 15:15:07.545244: Epoch 53
2026-09-10 15:15:07.556309: Current learning rate: 0.00807
2026-09-10 15:16:08.650725: train_loss -0.7457
2026-09-10 15:16:08.666690: val_loss -0.761
2026-09-10 15:16:08.676410: Pseudo dice [np.float32(0.9466), np.float32(0.9393), np.float32(0.9273), np.float32(0.9383), np.float32(0.761)]
2026-09-10 15:16:08.686471: Epoch time: 61.12 s
2026-09-10 15:16:08.693364: Yayy! New best EMA pseudo Dice: 0.8970999717712402
2026-09-10 15:16:11.944426: 
2026-09-10 15:16:11.955263: Epoch 54
2026-09-10 15:16:11.962285: Current learning rate: 0.00803
2026-09-10 15:17:12.677877: train_loss -0.7459
2026-09-10 15:17:12.687466: val_loss -0.7688
2026-09-10 15:17:12.694148: Pseudo dice [np.float32(0.9531), np.float32(0.9357), np.float32(0.9304), np.float32(0.9382), np.float32(0.7663)]
2026-09-10 15:17:12.701716: Epoch time: 60.73 s
2026-09-10 15:17:12.712383: Yayy! New best EMA pseudo Dice: 0.8978999853134155
2026-09-10 15:17:15.938020: 
2026-09-10 15:17:15.945759: Epoch 55
2026-09-10 15:17:15.952936: Current learning rate: 0.008
2026-09-10 15:18:17.062795: train_loss -0.7474
2026-09-10 15:18:17.076296: val_loss -0.7653
2026-09-10 15:18:17.085357: Pseudo dice [np.float32(0.9489), np.float32(0.9365), np.float32(0.9281), np.float32(0.9394), np.float32(0.7599)]
2026-09-10 15:18:17.099952: Epoch time: 61.13 s
2026-09-10 15:18:17.115473: Yayy! New best EMA pseudo Dice: 0.8982999920845032
2026-09-10 15:18:19.491801: 
2026-09-10 15:18:19.498945: Epoch 56
2026-09-10 15:18:19.505938: Current learning rate: 0.00796
2026-09-10 15:19:20.727388: train_loss -0.7499
2026-09-10 15:19:20.741654: val_loss -0.7627
2026-09-10 15:19:20.753760: Pseudo dice [np.float32(0.9475), np.float32(0.9383), np.float32(0.9305), np.float32(0.9425), np.float32(0.7639)]
2026-09-10 15:19:20.763721: Epoch time: 61.24 s
2026-09-10 15:19:20.771857: Yayy! New best EMA pseudo Dice: 0.8989999890327454
2026-09-10 15:19:23.937838: 
2026-09-10 15:19:23.948729: Epoch 57
2026-09-10 15:19:23.957051: Current learning rate: 0.00792
2026-09-10 15:20:23.778742: train_loss -0.749
2026-09-10 15:20:23.814154: val_loss -0.7548
2026-09-10 15:20:23.842532: Pseudo dice [np.float32(0.9479), np.float32(0.9372), np.float32(0.9295), np.float32(0.9369), np.float32(0.7682)]
2026-09-10 15:20:23.848981: Epoch time: 59.84 s
2026-09-10 15:20:23.858346: Yayy! New best EMA pseudo Dice: 0.8995000123977661
2026-09-10 15:20:26.045475: 
2026-09-10 15:20:26.052549: Epoch 58
2026-09-10 15:20:26.060258: Current learning rate: 0.00789
2026-09-10 15:21:25.834184: train_loss -0.7552
2026-09-10 15:21:25.846511: val_loss -0.7817
2026-09-10 15:21:25.853912: Pseudo dice [np.float32(0.954), np.float32(0.9431), np.float32(0.9303), np.float32(0.9444), np.float32(0.7739)]
2026-09-10 15:21:25.862774: Epoch time: 59.79 s
2026-09-10 15:21:25.870445: Yayy! New best EMA pseudo Dice: 0.9003999829292297
2026-09-10 15:21:28.826943: 
2026-09-10 15:21:28.841263: Epoch 59
2026-09-10 15:21:28.852545: Current learning rate: 0.00785
2026-09-10 15:22:28.679206: train_loss -0.7495
2026-09-10 15:22:28.690323: val_loss -0.7808
2026-09-10 15:22:28.697436: Pseudo dice [np.float32(0.9458), np.float32(0.9446), np.float32(0.9306), np.float32(0.9445), np.float32(0.7685)]
2026-09-10 15:22:28.705388: Epoch time: 59.86 s
2026-09-10 15:22:28.711730: Yayy! New best EMA pseudo Dice: 0.9010999798774719
2026-09-10 15:22:31.805562: 
2026-09-10 15:22:31.820521: Epoch 60
2026-09-10 15:22:31.838081: Current learning rate: 0.00781
2026-09-10 15:23:31.818030: train_loss -0.7516
2026-09-10 15:23:31.833128: val_loss -0.7761
2026-09-10 15:23:31.841512: Pseudo dice [np.float32(0.9471), np.float32(0.9442), np.float32(0.9331), np.float32(0.9458), np.float32(0.7771)]
2026-09-10 15:23:31.873540: Epoch time: 60.01 s
2026-09-10 15:23:31.889835: Yayy! New best EMA pseudo Dice: 0.9018999934196472
2026-09-10 15:23:35.777156: 
2026-09-10 15:23:35.784640: Epoch 61
2026-09-10 15:23:35.791630: Current learning rate: 0.00777
2026-09-10 15:24:35.577142: train_loss -0.754
2026-09-10 15:24:35.596148: val_loss -0.7665
2026-09-10 15:24:35.608782: Pseudo dice [np.float32(0.9522), np.float32(0.9356), np.float32(0.931), np.float32(0.9446), np.float32(0.7697)]
2026-09-10 15:24:35.620241: Epoch time: 59.8 s
2026-09-10 15:24:35.630647: Yayy! New best EMA pseudo Dice: 0.902400016784668
2026-09-10 15:24:37.859966: 
2026-09-10 15:24:37.867310: Epoch 62
2026-09-10 15:24:37.874388: Current learning rate: 0.00774
2026-09-10 15:25:37.752508: train_loss -0.7552
2026-09-10 15:25:37.764210: val_loss -0.7797
2026-09-10 15:25:37.771716: Pseudo dice [np.float32(0.9506), np.float32(0.9399), np.float32(0.9319), np.float32(0.9396), np.float32(0.7791)]
2026-09-10 15:25:37.780766: Epoch time: 59.89 s
2026-09-10 15:25:37.788666: Yayy! New best EMA pseudo Dice: 0.902999997138977
2026-09-10 15:25:40.011647: 
2026-09-10 15:25:40.017635: Epoch 63
2026-09-10 15:25:40.024848: Current learning rate: 0.0077
2026-09-10 15:26:39.801368: train_loss -0.7634
2026-09-10 15:26:39.814165: val_loss -0.7542
2026-09-10 15:26:39.823474: Pseudo dice [np.float32(0.9477), np.float32(0.9312), np.float32(0.9209), np.float32(0.9387), np.float32(0.7581)]
2026-09-10 15:26:39.834424: Epoch time: 59.79 s
2026-09-10 15:26:42.010671: 
2026-09-10 15:26:42.044743: Epoch 64
2026-09-10 15:26:42.078655: Current learning rate: 0.00766
2026-09-10 15:27:41.844440: train_loss -0.7442
2026-09-10 15:27:41.856519: val_loss -0.7654
2026-09-10 15:27:41.865075: Pseudo dice [np.float32(0.9506), np.float32(0.9383), np.float32(0.9314), np.float32(0.9396), np.float32(0.767)]
2026-09-10 15:27:41.873081: Epoch time: 59.84 s
2026-09-10 15:27:43.896139: 
2026-09-10 15:27:43.904665: Epoch 65
2026-09-10 15:27:43.911953: Current learning rate: 0.00763
2026-09-10 15:28:43.741554: train_loss -0.7439
2026-09-10 15:28:43.755229: val_loss -0.7715
2026-09-10 15:28:43.762586: Pseudo dice [np.float32(0.9477), np.float32(0.9392), np.float32(0.929), np.float32(0.9446), np.float32(0.7706)]
2026-09-10 15:28:43.770790: Epoch time: 59.85 s
2026-09-10 15:28:43.777265: Yayy! New best EMA pseudo Dice: 0.9031999707221985
2026-09-10 15:28:46.048361: 
2026-09-10 15:28:46.054554: Epoch 66
2026-09-10 15:28:46.060785: Current learning rate: 0.00759
2026-09-10 15:29:46.021023: train_loss -0.749
2026-09-10 15:29:46.034698: val_loss -0.7585
2026-09-10 15:29:46.042269: Pseudo dice [np.float32(0.9482), np.float32(0.9362), np.float32(0.9239), np.float32(0.9358), np.float32(0.7628)]
2026-09-10 15:29:46.051572: Epoch time: 59.97 s
2026-09-10 15:29:48.149773: 
2026-09-10 15:29:48.157408: Epoch 67
2026-09-10 15:29:48.168297: Current learning rate: 0.00755
2026-09-10 15:30:47.824217: train_loss -0.7596
2026-09-10 15:30:47.839513: val_loss -0.7807
2026-09-10 15:30:47.853140: Pseudo dice [np.float32(0.9545), np.float32(0.941), np.float32(0.9348), np.float32(0.944), np.float32(0.7761)]
2026-09-10 15:30:47.862151: Epoch time: 59.68 s
2026-09-10 15:30:47.872964: Yayy! New best EMA pseudo Dice: 0.9036999940872192
2026-09-10 15:30:50.098781: 
2026-09-10 15:30:50.107270: Epoch 68
2026-09-10 15:30:50.117508: Current learning rate: 0.00751
2026-09-10 15:31:49.691667: train_loss -0.7631
2026-09-10 15:31:49.702368: val_loss -0.7688
2026-09-10 15:31:49.709730: Pseudo dice [np.float32(0.9496), np.float32(0.9317), np.float32(0.9351), np.float32(0.9295), np.float32(0.7712)]
2026-09-10 15:31:49.718237: Epoch time: 59.59 s
2026-09-10 15:31:51.776928: 
2026-09-10 15:31:51.783598: Epoch 69
2026-09-10 15:31:51.791609: Current learning rate: 0.00748
2026-09-10 15:32:51.409858: train_loss -0.7653
2026-09-10 15:32:51.418221: val_loss -0.7342
2026-09-10 15:32:51.425404: Pseudo dice [np.float32(0.9405), np.float32(0.9222), np.float32(0.9308), np.float32(0.9259), np.float32(0.7618)]
2026-09-10 15:32:51.431603: Epoch time: 59.63 s
2026-09-10 15:32:52.699267: 
2026-09-10 15:32:52.710371: Epoch 70
2026-09-10 15:32:52.717185: Current learning rate: 0.00744
2026-09-10 15:33:52.780116: train_loss -0.7612
2026-09-10 15:33:52.794696: val_loss -0.7667
2026-09-10 15:33:52.812006: Pseudo dice [np.float32(0.9476), np.float32(0.9399), np.float32(0.93), np.float32(0.9456), np.float32(0.7614)]
2026-09-10 15:33:52.820410: Epoch time: 60.08 s
2026-09-10 15:33:54.820071: 
2026-09-10 15:33:54.831285: Epoch 71
2026-09-10 15:33:54.838559: Current learning rate: 0.0074
2026-09-10 15:34:54.530110: train_loss -0.7641
2026-09-10 15:34:54.547845: val_loss -0.7702
2026-09-10 15:34:54.557678: Pseudo dice [np.float32(0.9516), np.float32(0.9342), np.float32(0.9365), np.float32(0.9436), np.float32(0.7654)]
2026-09-10 15:34:54.569796: Epoch time: 59.71 s
2026-09-10 15:34:56.626390: 
2026-09-10 15:34:56.636496: Epoch 72
2026-09-10 15:34:56.643558: Current learning rate: 0.00737
2026-09-10 15:35:56.488350: train_loss -0.7761
2026-09-10 15:35:56.499008: val_loss -0.7757
2026-09-10 15:35:56.505422: Pseudo dice [np.float32(0.9485), np.float32(0.9461), np.float32(0.9315), np.float32(0.9477), np.float32(0.7846)]
2026-09-10 15:35:56.512024: Epoch time: 59.86 s
2026-09-10 15:35:56.518888: Yayy! New best EMA pseudo Dice: 0.9042999744415283
2026-09-10 15:35:58.652051: 
2026-09-10 15:35:58.667914: Epoch 73
2026-09-10 15:35:58.675181: Current learning rate: 0.00733
2026-09-10 15:36:58.360413: train_loss -0.772
2026-09-10 15:36:58.379374: val_loss -0.7699
2026-09-10 15:36:58.390475: Pseudo dice [np.float32(0.952), np.float32(0.9427), np.float32(0.9373), np.float32(0.9456), np.float32(0.7636)]
2026-09-10 15:36:58.436392: Epoch time: 59.71 s
2026-09-10 15:36:58.468437: Yayy! New best EMA pseudo Dice: 0.904699981212616
2026-09-10 15:37:01.909893: 
2026-09-10 15:37:01.917385: Epoch 74
2026-09-10 15:37:01.924630: Current learning rate: 0.00729
2026-09-10 15:38:01.605111: train_loss -0.7757
2026-09-10 15:38:01.616882: val_loss -0.7745
2026-09-10 15:38:01.625419: Pseudo dice [np.float32(0.9515), np.float32(0.9434), np.float32(0.9334), np.float32(0.9437), np.float32(0.767)]
2026-09-10 15:38:01.634051: Epoch time: 59.7 s
2026-09-10 15:38:01.644626: Yayy! New best EMA pseudo Dice: 0.9049999713897705
2026-09-10 15:38:04.759966: 
2026-09-10 15:38:04.766702: Epoch 75
2026-09-10 15:38:04.778270: Current learning rate: 0.00725
2026-09-10 15:39:04.524478: train_loss -0.7714
2026-09-10 15:39:04.535501: val_loss -0.7659
2026-09-10 15:39:04.543672: Pseudo dice [np.float32(0.9518), np.float32(0.9351), np.float32(0.9314), np.float32(0.936), np.float32(0.7677)]
2026-09-10 15:39:04.551014: Epoch time: 59.77 s
2026-09-10 15:39:06.522333: 
2026-09-10 15:39:06.529794: Epoch 76
2026-09-10 15:39:06.537585: Current learning rate: 0.00722
2026-09-10 15:40:06.311643: train_loss -0.762
2026-09-10 15:40:06.333779: val_loss -0.7671
2026-09-10 15:40:06.342738: Pseudo dice [np.float32(0.9524), np.float32(0.9418), np.float32(0.9221), np.float32(0.9435), np.float32(0.7895)]
2026-09-10 15:40:06.351607: Epoch time: 59.79 s
2026-09-10 15:40:06.359624: Yayy! New best EMA pseudo Dice: 0.9053999781608582
2026-09-10 15:40:08.656673: 
2026-09-10 15:40:08.663656: Epoch 77
2026-09-10 15:40:08.670038: Current learning rate: 0.00718
2026-09-10 15:41:08.444218: train_loss -0.7693
2026-09-10 15:41:08.457749: val_loss -0.7533
2026-09-10 15:41:08.466481: Pseudo dice [np.float32(0.945), np.float32(0.9291), np.float32(0.9291), np.float32(0.9381), np.float32(0.7552)]
2026-09-10 15:41:08.475426: Epoch time: 59.79 s
2026-09-10 15:41:11.832656: 
2026-09-10 15:41:11.841296: Epoch 78
2026-09-10 15:41:11.850643: Current learning rate: 0.00714
2026-09-10 15:42:11.673064: train_loss -0.7788
2026-09-10 15:42:11.683177: val_loss -0.7805
2026-09-10 15:42:11.690627: Pseudo dice [np.float32(0.9521), np.float32(0.9477), np.float32(0.9319), np.float32(0.9484), np.float32(0.7774)]
2026-09-10 15:42:11.696883: Epoch time: 59.84 s
2026-09-10 15:42:11.704585: Yayy! New best EMA pseudo Dice: 0.9054999947547913
2026-09-10 15:42:13.993545: 
2026-09-10 15:42:14.000205: Epoch 79
2026-09-10 15:42:14.006812: Current learning rate: 0.0071
2026-09-10 15:43:13.731044: train_loss -0.7675
2026-09-10 15:43:13.743582: val_loss -0.7716
2026-09-10 15:43:13.753436: Pseudo dice [np.float32(0.9519), np.float32(0.9425), np.float32(0.9343), np.float32(0.9433), np.float32(0.7759)]
2026-09-10 15:43:13.762043: Epoch time: 59.74 s
2026-09-10 15:43:13.770393: Yayy! New best EMA pseudo Dice: 0.9059000015258789
2026-09-10 15:43:17.065431: 
2026-09-10 15:43:17.075911: Epoch 80
2026-09-10 15:43:17.083888: Current learning rate: 0.00707
2026-09-10 15:44:16.752785: train_loss -0.7574
2026-09-10 15:44:16.764291: val_loss -0.7571
2026-09-10 15:44:16.771419: Pseudo dice [np.float32(0.9448), np.float32(0.9383), np.float32(0.9211), np.float32(0.9364), np.float32(0.7716)]
2026-09-10 15:44:16.779906: Epoch time: 59.69 s
2026-09-10 15:44:18.122807: 
2026-09-10 15:44:18.129889: Epoch 81
2026-09-10 15:44:18.136902: Current learning rate: 0.00703
2026-09-10 15:45:17.803778: train_loss -0.7423
2026-09-10 15:45:17.852788: val_loss -0.7695
2026-09-10 15:45:17.874565: Pseudo dice [np.float32(0.9524), np.float32(0.9418), np.float32(0.9288), np.float32(0.937), np.float32(0.7664)]
2026-09-10 15:45:17.899542: Epoch time: 59.68 s
2026-09-10 15:45:19.981009: 
2026-09-10 15:45:19.988232: Epoch 82
2026-09-10 15:45:19.997435: Current learning rate: 0.00699
2026-09-10 15:46:19.791383: train_loss -0.7472
2026-09-10 15:46:19.805880: val_loss -0.7517
2026-09-10 15:46:19.814655: Pseudo dice [np.float32(0.9438), np.float32(0.9302), np.float32(0.92), np.float32(0.9283), np.float32(0.757)]
2026-09-10 15:46:19.821595: Epoch time: 59.81 s
2026-09-10 15:46:21.843288: 
2026-09-10 15:46:21.854806: Epoch 83
2026-09-10 15:46:21.864599: Current learning rate: 0.00696
2026-09-10 15:47:21.557402: train_loss -0.7497
2026-09-10 15:47:21.570252: val_loss -0.7713
2026-09-10 15:47:21.579701: Pseudo dice [np.float32(0.9503), np.float32(0.9423), np.float32(0.9328), np.float32(0.9432), np.float32(0.7688)]
2026-09-10 15:47:21.588286: Epoch time: 59.72 s
2026-09-10 15:47:22.856267: 
2026-09-10 15:47:22.864392: Epoch 84
2026-09-10 15:47:22.874778: Current learning rate: 0.00692
2026-09-10 15:48:22.656518: train_loss -0.7629
2026-09-10 15:48:22.672910: val_loss -0.7715
2026-09-10 15:48:22.682534: Pseudo dice [np.float32(0.9525), np.float32(0.9334), np.float32(0.9306), np.float32(0.9434), np.float32(0.7807)]
2026-09-10 15:48:22.689580: Epoch time: 59.8 s
2026-09-10 15:48:24.718699: 
2026-09-10 15:48:24.732266: Epoch 85
2026-09-10 15:48:24.746396: Current learning rate: 0.00688
2026-09-10 15:49:24.278978: train_loss -0.7726
2026-09-10 15:49:24.292989: val_loss -0.7705
2026-09-10 15:49:24.303577: Pseudo dice [np.float32(0.9489), np.float32(0.9382), np.float32(0.9321), np.float32(0.942), np.float32(0.7628)]
2026-09-10 15:49:24.312084: Epoch time: 59.56 s
2026-09-10 15:49:25.567326: 
2026-09-10 15:49:25.574753: Epoch 86
2026-09-10 15:49:25.582476: Current learning rate: 0.00684
2026-09-10 15:50:25.063610: train_loss -0.7719
2026-09-10 15:50:25.079986: val_loss -0.7816
2026-09-10 15:50:25.088247: Pseudo dice [np.float32(0.9511), np.float32(0.9415), np.float32(0.931), np.float32(0.9432), np.float32(0.7788)]
2026-09-10 15:50:25.097428: Epoch time: 59.5 s
2026-09-10 15:50:27.043137: 
2026-09-10 15:50:27.051968: Epoch 87
2026-09-10 15:50:27.061481: Current learning rate: 0.0068
2026-09-10 15:51:26.847243: train_loss -0.7771
2026-09-10 15:51:26.859038: val_loss -0.7734
2026-09-10 15:51:26.865708: Pseudo dice [np.float32(0.9513), np.float32(0.9375), np.float32(0.9337), np.float32(0.9461), np.float32(0.7892)]
2026-09-10 15:51:26.873819: Epoch time: 59.81 s
2026-09-10 15:51:26.880577: Yayy! New best EMA pseudo Dice: 0.9060999751091003
2026-09-10 15:51:29.122097: 
2026-09-10 15:51:29.129300: Epoch 88
2026-09-10 15:51:29.136415: Current learning rate: 0.00677
2026-09-10 15:52:28.837020: train_loss -0.7826
2026-09-10 15:52:28.862655: val_loss -0.7826
2026-09-10 15:52:28.875785: Pseudo dice [np.float32(0.9536), np.float32(0.9436), np.float32(0.9343), np.float32(0.9456), np.float32(0.778)]
2026-09-10 15:52:28.898444: Epoch time: 59.72 s
2026-09-10 15:52:28.922357: Yayy! New best EMA pseudo Dice: 0.9065999984741211
2026-09-10 15:52:32.095825: 
2026-09-10 15:52:32.104901: Epoch 89
2026-09-10 15:52:32.111422: Current learning rate: 0.00673
2026-09-10 15:53:31.913929: train_loss -0.7709
2026-09-10 15:53:31.928359: val_loss -0.781
2026-09-10 15:53:31.940233: Pseudo dice [np.float32(0.9522), np.float32(0.9466), np.float32(0.9245), np.float32(0.942), np.float32(0.7702)]
2026-09-10 15:53:31.951416: Epoch time: 59.82 s
2026-09-10 15:53:31.963044: Yayy! New best EMA pseudo Dice: 0.9067000150680542
2026-09-10 15:53:35.034297: 
2026-09-10 15:53:35.045313: Epoch 90
2026-09-10 15:53:35.054558: Current learning rate: 0.00669
2026-09-10 15:54:34.960712: train_loss -0.7868
2026-09-10 15:54:34.988701: val_loss -0.7733
2026-09-10 15:54:35.003825: Pseudo dice [np.float32(0.9517), np.float32(0.9393), np.float32(0.9372), np.float32(0.9457), np.float32(0.7781)]
2026-09-10 15:54:35.021119: Epoch time: 59.93 s
2026-09-10 15:54:35.042498: Yayy! New best EMA pseudo Dice: 0.9070000052452087
2026-09-10 15:54:37.934429: 
2026-09-10 15:54:37.949260: Epoch 91
2026-09-10 15:54:37.956727: Current learning rate: 0.00665
2026-09-10 15:55:38.475395: train_loss -0.7845
2026-09-10 15:55:38.490026: val_loss -0.7808
2026-09-10 15:55:38.497098: Pseudo dice [np.float32(0.9515), np.float32(0.9449), np.float32(0.9318), np.float32(0.9458), np.float32(0.7777)]
2026-09-10 15:55:38.504777: Epoch time: 60.54 s
2026-09-10 15:55:38.512509: Yayy! New best EMA pseudo Dice: 0.9074000120162964
2026-09-10 15:55:41.855365: 
2026-09-10 15:55:41.865257: Epoch 92
2026-09-10 15:55:41.876450: Current learning rate: 0.00662
2026-09-10 15:56:42.552642: train_loss -0.7755
2026-09-10 15:56:42.564214: val_loss -0.7767
2026-09-10 15:56:42.571330: Pseudo dice [np.float32(0.9496), np.float32(0.9419), np.float32(0.9319), np.float32(0.9465), np.float32(0.7768)]
2026-09-10 15:56:42.579368: Epoch time: 60.7 s
2026-09-10 15:56:42.589715: Yayy! New best EMA pseudo Dice: 0.9075999855995178
2026-09-10 15:56:45.140068: 
2026-09-10 15:56:45.159222: Epoch 93
2026-09-10 15:56:45.171423: Current learning rate: 0.00658
2026-09-10 15:57:45.818686: train_loss -0.7814
2026-09-10 15:57:45.831344: val_loss -0.7773
2026-09-10 15:57:45.840213: Pseudo dice [np.float32(0.9538), np.float32(0.9445), np.float32(0.9266), np.float32(0.9471), np.float32(0.7851)]
2026-09-10 15:57:45.848622: Epoch time: 60.68 s
2026-09-10 15:57:45.855532: Yayy! New best EMA pseudo Dice: 0.9079999923706055
2026-09-10 15:57:48.951360: 
2026-09-10 15:57:48.973274: Epoch 94
2026-09-10 15:57:48.982962: Current learning rate: 0.00654
2026-09-10 15:58:49.572697: train_loss -0.7753
2026-09-10 15:58:49.583980: val_loss -0.7699
2026-09-10 15:58:49.590318: Pseudo dice [np.float32(0.9455), np.float32(0.9367), np.float32(0.9254), np.float32(0.9389), np.float32(0.7802)]
2026-09-10 15:58:49.596739: Epoch time: 60.62 s
2026-09-10 15:58:51.708518: 
2026-09-10 15:58:51.723269: Epoch 95
2026-09-10 15:58:51.738515: Current learning rate: 0.0065
2026-09-10 15:59:52.397946: train_loss -0.7818
2026-09-10 15:59:52.413386: val_loss -0.7836
2026-09-10 15:59:52.424402: Pseudo dice [np.float32(0.952), np.float32(0.9429), np.float32(0.9341), np.float32(0.9484), np.float32(0.7806)]
2026-09-10 15:59:52.434211: Epoch time: 60.69 s
2026-09-10 15:59:52.448448: Yayy! New best EMA pseudo Dice: 0.9081000089645386
2026-09-10 15:59:55.517545: 
2026-09-10 15:59:55.524027: Epoch 96
2026-09-10 15:59:55.529514: Current learning rate: 0.00647
2026-09-10 16:00:57.296112: train_loss -0.7822
2026-09-10 16:00:57.307330: val_loss -0.7765
2026-09-10 16:00:57.321610: Pseudo dice [np.float32(0.9482), np.float32(0.9374), np.float32(0.9324), np.float32(0.9413), np.float32(0.7755)]
2026-09-10 16:00:57.334608: Epoch time: 61.78 s
2026-09-10 16:00:59.271775: 
2026-09-10 16:00:59.281420: Epoch 97
2026-09-10 16:00:59.292517: Current learning rate: 0.00643
2026-09-10 16:01:59.949650: train_loss -0.7932
2026-09-10 16:01:59.964701: val_loss -0.7834
2026-09-10 16:01:59.975230: Pseudo dice [np.float32(0.9534), np.float32(0.9488), np.float32(0.9356), np.float32(0.942), np.float32(0.7929)]
2026-09-10 16:01:59.985441: Epoch time: 60.68 s
2026-09-10 16:01:59.994422: Yayy! New best EMA pseudo Dice: 0.9085999727249146
2026-09-10 16:02:02.526499: 
2026-09-10 16:02:02.533167: Epoch 98
2026-09-10 16:02:02.539593: Current learning rate: 0.00639
2026-09-10 16:03:04.094087: train_loss -0.7886
2026-09-10 16:03:04.115834: val_loss -0.7797
2026-09-10 16:03:04.124682: Pseudo dice [np.float32(0.9533), np.float32(0.9429), np.float32(0.9295), np.float32(0.9367), np.float32(0.791)]
2026-09-10 16:03:04.135742: Epoch time: 61.57 s
2026-09-10 16:03:04.147097: Yayy! New best EMA pseudo Dice: 0.9088000059127808
2026-09-10 16:03:07.127204: 
2026-09-10 16:03:07.138273: Epoch 99
2026-09-10 16:03:07.148377: Current learning rate: 0.00635
2026-09-10 16:04:07.909559: train_loss -0.7898
2026-09-10 16:04:07.927710: val_loss -0.7811
2026-09-10 16:04:07.938472: Pseudo dice [np.float32(0.9521), np.float32(0.9456), np.float32(0.9332), np.float32(0.9493), np.float32(0.8013)]
2026-09-10 16:04:07.947443: Epoch time: 60.79 s
2026-09-10 16:04:09.083067: Yayy! New best EMA pseudo Dice: 0.909600019454956
2026-09-10 16:04:11.823341: 
2026-09-10 16:04:11.830207: Epoch 100
2026-09-10 16:04:11.837835: Current learning rate: 0.00631
2026-09-10 16:05:12.424970: train_loss -0.7883
2026-09-10 16:05:12.437725: val_loss -0.7822
2026-09-10 16:05:12.444364: Pseudo dice [np.float32(0.951), np.float32(0.9434), np.float32(0.9352), np.float32(0.9455), np.float32(0.7867)]
2026-09-10 16:05:12.451944: Epoch time: 60.6 s
2026-09-10 16:05:12.459287: Yayy! New best EMA pseudo Dice: 0.9099000096321106
2026-09-10 16:05:15.606452: 
2026-09-10 16:05:15.619251: Epoch 101
2026-09-10 16:05:15.627053: Current learning rate: 0.00628
2026-09-10 16:06:16.340969: train_loss -0.793
2026-09-10 16:06:16.356299: val_loss -0.7799
2026-09-10 16:06:16.363715: Pseudo dice [np.float32(0.9519), np.float32(0.9425), np.float32(0.9312), np.float32(0.9469), np.float32(0.7854)]
2026-09-10 16:06:16.370019: Epoch time: 60.74 s
2026-09-10 16:06:16.376880: Yayy! New best EMA pseudo Dice: 0.9100000262260437
2026-09-10 16:06:18.382063: 
2026-09-10 16:06:18.388966: Epoch 102
2026-09-10 16:06:18.396156: Current learning rate: 0.00624
2026-09-10 16:07:19.016583: train_loss -0.7928
2026-09-10 16:07:19.033385: val_loss -0.7887
2026-09-10 16:07:19.046124: Pseudo dice [np.float32(0.9562), np.float32(0.943), np.float32(0.9348), np.float32(0.9442), np.float32(0.7854)]
2026-09-10 16:07:19.055565: Epoch time: 60.64 s
2026-09-10 16:07:19.067476: Yayy! New best EMA pseudo Dice: 0.9103000164031982
2026-09-10 16:07:22.360816: 
2026-09-10 16:07:22.368508: Epoch 103
2026-09-10 16:07:22.376157: Current learning rate: 0.0062
2026-09-10 16:08:23.034965: train_loss -0.7951
2026-09-10 16:08:23.044156: val_loss -0.7865
2026-09-10 16:08:23.049584: Pseudo dice [np.float32(0.9528), np.float32(0.9413), np.float32(0.9348), np.float32(0.9434), np.float32(0.7891)]
2026-09-10 16:08:23.057411: Epoch time: 60.68 s
2026-09-10 16:08:23.067794: Yayy! New best EMA pseudo Dice: 0.9104999899864197
2026-09-10 16:08:25.964313: 
2026-09-10 16:08:25.972394: Epoch 104
2026-09-10 16:08:25.979202: Current learning rate: 0.00616
2026-09-10 16:09:26.672587: train_loss -0.7955
2026-09-10 16:09:26.685373: val_loss -0.7712
2026-09-10 16:09:26.692960: Pseudo dice [np.float32(0.9522), np.float32(0.9431), np.float32(0.9318), np.float32(0.9432), np.float32(0.7795)]
2026-09-10 16:09:26.699999: Epoch time: 60.71 s
2026-09-10 16:09:28.015627: 
2026-09-10 16:09:28.022148: Epoch 105
2026-09-10 16:09:28.029884: Current learning rate: 0.00612
2026-09-10 16:10:28.719121: train_loss -0.7927
2026-09-10 16:10:28.730477: val_loss -0.7811
2026-09-10 16:10:28.740073: Pseudo dice [np.float32(0.9519), np.float32(0.9431), np.float32(0.9266), np.float32(0.9433), np.float32(0.7834)]
2026-09-10 16:10:28.747616: Epoch time: 60.7 s
2026-09-10 16:10:30.744419: 
2026-09-10 16:10:30.753168: Epoch 106
2026-09-10 16:10:30.760642: Current learning rate: 0.00609
2026-09-10 16:11:32.060448: train_loss -0.8045
2026-09-10 16:11:32.084301: val_loss -0.7779
2026-09-10 16:11:32.093551: Pseudo dice [np.float32(0.9512), np.float32(0.9398), np.float32(0.9326), np.float32(0.943), np.float32(0.7834)]
2026-09-10 16:11:32.102119: Epoch time: 61.32 s
2026-09-10 16:11:34.014923: 
2026-09-10 16:11:34.022386: Epoch 107
2026-09-10 16:11:34.040400: Current learning rate: 0.00605
2026-09-10 16:12:34.876311: train_loss -0.8014
2026-09-10 16:12:34.887409: val_loss -0.7741
2026-09-10 16:12:34.894082: Pseudo dice [np.float32(0.9507), np.float32(0.9401), np.float32(0.9348), np.float32(0.9407), np.float32(0.7815)]
2026-09-10 16:12:34.900164: Epoch time: 60.86 s
2026-09-10 16:12:36.227253: 
2026-09-10 16:12:36.233563: Epoch 108
2026-09-10 16:12:36.240180: Current learning rate: 0.00601
2026-09-10 16:13:37.663327: train_loss -0.8015
2026-09-10 16:13:37.678047: val_loss -0.7861
2026-09-10 16:13:37.695747: Pseudo dice [np.float32(0.9521), np.float32(0.9465), np.float32(0.9345), np.float32(0.9441), np.float32(0.768)]
2026-09-10 16:13:37.711593: Epoch time: 61.44 s
2026-09-10 16:13:39.646453: 
2026-09-10 16:13:39.656700: Epoch 109
2026-09-10 16:13:39.667560: Current learning rate: 0.00597
2026-09-10 16:14:41.022493: train_loss -0.7982
2026-09-10 16:14:41.038356: val_loss -0.7728
2026-09-10 16:14:41.049429: Pseudo dice [np.float32(0.9506), np.float32(0.9392), np.float32(0.9324), np.float32(0.9441), np.float32(0.7795)]
2026-09-10 16:14:41.060420: Epoch time: 61.38 s
2026-09-10 16:14:43.138849: 
2026-09-10 16:14:43.148295: Epoch 110
2026-09-10 16:14:43.157872: Current learning rate: 0.00593
2026-09-10 16:15:44.480343: train_loss -0.7987
2026-09-10 16:15:44.500831: val_loss -0.7852
2026-09-10 16:15:44.517177: Pseudo dice [np.float32(0.9532), np.float32(0.9445), np.float32(0.9311), np.float32(0.9461), np.float32(0.7863)]
2026-09-10 16:15:44.526705: Epoch time: 61.34 s
2026-09-10 16:15:46.543118: 
2026-09-10 16:15:46.557025: Epoch 111
2026-09-10 16:15:46.568497: Current learning rate: 0.0059
2026-09-10 16:16:48.268999: train_loss -0.7971
2026-09-10 16:16:48.280567: val_loss -0.7941
2026-09-10 16:16:48.289495: Pseudo dice [np.float32(0.9522), np.float32(0.9484), np.float32(0.9351), np.float32(0.9475), np.float32(0.7934)]
2026-09-10 16:16:48.297455: Epoch time: 61.73 s
2026-09-10 16:16:48.309392: Yayy! New best EMA pseudo Dice: 0.9107999801635742
2026-09-10 16:16:50.662482: 
2026-09-10 16:16:50.668926: Epoch 112
2026-09-10 16:16:50.674592: Current learning rate: 0.00586
2026-09-10 16:17:51.335493: train_loss -0.8012
2026-09-10 16:17:51.348054: val_loss -0.7788
2026-09-10 16:17:51.357738: Pseudo dice [np.float32(0.9493), np.float32(0.9414), np.float32(0.9314), np.float32(0.9442), np.float32(0.7817)]
2026-09-10 16:17:51.366261: Epoch time: 60.67 s
2026-09-10 16:17:53.287154: 
2026-09-10 16:17:53.297134: Epoch 113
2026-09-10 16:17:53.306926: Current learning rate: 0.00582
2026-09-10 16:18:53.948442: train_loss -0.7822
2026-09-10 16:18:53.981471: val_loss -0.7702
2026-09-10 16:18:53.988314: Pseudo dice [np.float32(0.9506), np.float32(0.9433), np.float32(0.9284), np.float32(0.9397), np.float32(0.7752)]
2026-09-10 16:18:53.995484: Epoch time: 60.66 s
2026-09-10 16:18:57.308290: 
2026-09-10 16:18:57.314972: Epoch 114
2026-09-10 16:18:57.326702: Current learning rate: 0.00578
2026-09-10 16:19:58.011314: train_loss -0.7861
2026-09-10 16:19:58.022823: val_loss -0.7784
2026-09-10 16:19:58.029512: Pseudo dice [np.float32(0.9497), np.float32(0.9409), np.float32(0.9372), np.float32(0.9394), np.float32(0.7789)]
2026-09-10 16:19:58.035796: Epoch time: 60.71 s
2026-09-10 16:19:59.373861: 
2026-09-10 16:19:59.380332: Epoch 115
2026-09-10 16:19:59.392339: Current learning rate: 0.00574
2026-09-10 16:21:00.250565: train_loss -0.7944
2026-09-10 16:21:00.269422: val_loss -0.7835
2026-09-10 16:21:00.280402: Pseudo dice [np.float32(0.9523), np.float32(0.937), np.float32(0.9323), np.float32(0.944), np.float32(0.7837)]
2026-09-10 16:21:00.291438: Epoch time: 60.88 s
2026-09-10 16:21:02.191131: 
2026-09-10 16:21:02.200125: Epoch 116
2026-09-10 16:21:02.209399: Current learning rate: 0.0057
2026-09-10 16:22:03.910645: train_loss -0.802
2026-09-10 16:22:03.922167: val_loss -0.7863
2026-09-10 16:22:03.933409: Pseudo dice [np.float32(0.9522), np.float32(0.9467), np.float32(0.9333), np.float32(0.9463), np.float32(0.7856)]
2026-09-10 16:22:03.948274: Epoch time: 61.72 s
2026-09-10 16:22:05.320680: 
2026-09-10 16:22:05.328446: Epoch 117
2026-09-10 16:22:05.334842: Current learning rate: 0.00567
2026-09-10 16:23:06.496125: train_loss -0.7971
2026-09-10 16:23:06.517593: val_loss -0.7868
2026-09-10 16:23:06.529488: Pseudo dice [np.float32(0.9505), np.float32(0.9436), np.float32(0.9354), np.float32(0.9447), np.float32(0.7868)]
2026-09-10 16:23:06.549085: Epoch time: 61.18 s
2026-09-10 16:23:08.456915: 
2026-09-10 16:23:08.467287: Epoch 118
2026-09-10 16:23:08.474500: Current learning rate: 0.00563
2026-09-10 16:24:10.261179: train_loss -0.8071
2026-09-10 16:24:10.273011: val_loss -0.7803
2026-09-10 16:24:10.293115: Pseudo dice [np.float32(0.9523), np.float32(0.944), np.float32(0.9312), np.float32(0.9427), np.float32(0.7817)]
2026-09-10 16:24:10.301167: Epoch time: 61.81 s
2026-09-10 16:24:11.575593: 
2026-09-10 16:24:11.589923: Epoch 119
2026-09-10 16:24:11.597727: Current learning rate: 0.00559
2026-09-10 16:25:12.324389: train_loss -0.8084
2026-09-10 16:25:12.342411: val_loss -0.7768
2026-09-10 16:25:12.350604: Pseudo dice [np.float32(0.9502), np.float32(0.9416), np.float32(0.9353), np.float32(0.9424), np.float32(0.7783)]
2026-09-10 16:25:12.358484: Epoch time: 60.75 s
2026-09-10 16:25:14.285258: 
2026-09-10 16:25:14.295248: Epoch 120
2026-09-10 16:25:14.309354: Current learning rate: 0.00555
2026-09-10 16:26:15.178749: train_loss -0.8071
2026-09-10 16:26:15.192392: val_loss -0.7819
2026-09-10 16:26:15.201015: Pseudo dice [np.float32(0.9533), np.float32(0.9454), np.float32(0.9377), np.float32(0.9424), np.float32(0.7875)]
2026-09-10 16:26:15.209020: Epoch time: 60.9 s
2026-09-10 16:26:15.215635: Yayy! New best EMA pseudo Dice: 0.9107999801635742
2026-09-10 16:26:18.342163: 
2026-09-10 16:26:18.354213: Epoch 121
2026-09-10 16:26:18.364179: Current learning rate: 0.00551
2026-09-10 16:27:19.121797: train_loss -0.8115
2026-09-10 16:27:19.136356: val_loss -0.782
2026-09-10 16:27:19.152172: Pseudo dice [np.float32(0.9515), np.float32(0.9418), np.float32(0.9337), np.float32(0.9453), np.float32(0.793)]
2026-09-10 16:27:19.162404: Epoch time: 60.78 s
2026-09-10 16:27:19.171345: Yayy! New best EMA pseudo Dice: 0.9110000133514404
2026-09-10 16:27:21.582020: 
2026-09-10 16:27:21.590313: Epoch 122
2026-09-10 16:27:21.596876: Current learning rate: 0.00547
2026-09-10 16:28:22.759602: train_loss -0.8073
2026-09-10 16:28:22.776405: val_loss -0.7739
2026-09-10 16:28:22.786558: Pseudo dice [np.float32(0.9541), np.float32(0.9435), np.float32(0.9315), np.float32(0.9416), np.float32(0.7797)]
2026-09-10 16:28:22.796382: Epoch time: 61.18 s
2026-09-10 16:28:24.825292: 
2026-09-10 16:28:24.834294: Epoch 123
2026-09-10 16:28:24.853426: Current learning rate: 0.00544
2026-09-10 16:29:25.545488: train_loss -0.8033
2026-09-10 16:29:25.570016: val_loss -0.7707
2026-09-10 16:29:25.577111: Pseudo dice [np.float32(0.9536), np.float32(0.941), np.float32(0.93), np.float32(0.9402), np.float32(0.7777)]
2026-09-10 16:29:25.584272: Epoch time: 60.72 s
2026-09-10 16:29:26.915017: 
2026-09-10 16:29:26.921480: Epoch 124
2026-09-10 16:29:26.929099: Current learning rate: 0.0054
2026-09-10 16:30:28.193073: train_loss -0.8104
2026-09-10 16:30:28.212947: val_loss -0.7874
2026-09-10 16:30:28.222286: Pseudo dice [np.float32(0.9552), np.float32(0.9454), np.float32(0.9335), np.float32(0.9482), np.float32(0.7908)]
2026-09-10 16:30:28.236661: Epoch time: 61.28 s
2026-09-10 16:30:28.245389: Yayy! New best EMA pseudo Dice: 0.9110999703407288
2026-09-10 16:30:31.295252: 
2026-09-10 16:30:31.303291: Epoch 125
2026-09-10 16:30:31.315545: Current learning rate: 0.00536
2026-09-10 16:31:32.051586: train_loss -0.8036
2026-09-10 16:31:32.059275: val_loss -0.7897
2026-09-10 16:31:32.066022: Pseudo dice [np.float32(0.955), np.float32(0.9439), np.float32(0.9339), np.float32(0.9457), np.float32(0.7901)]
2026-09-10 16:31:32.073084: Epoch time: 60.76 s
2026-09-10 16:31:32.080841: Yayy! New best EMA pseudo Dice: 0.911300003528595
2026-09-10 16:31:34.862635: 
2026-09-10 16:31:34.869827: Epoch 126
2026-09-10 16:31:34.876183: Current learning rate: 0.00532
2026-09-10 16:32:35.551929: train_loss -0.8022
2026-09-10 16:32:35.588535: val_loss -0.7776
2026-09-10 16:32:35.596879: Pseudo dice [np.float32(0.9506), np.float32(0.9449), np.float32(0.9325), np.float32(0.9448), np.float32(0.7807)]
2026-09-10 16:32:35.604184: Epoch time: 60.69 s
2026-09-10 16:32:37.578759: 
2026-09-10 16:32:37.586760: Epoch 127
2026-09-10 16:32:37.594399: Current learning rate: 0.00528
2026-09-10 16:33:38.733749: train_loss -0.8026
2026-09-10 16:33:38.749726: val_loss -0.786
2026-09-10 16:33:38.760530: Pseudo dice [np.float32(0.9524), np.float32(0.9416), np.float32(0.9363), np.float32(0.9477), np.float32(0.7905)]
2026-09-10 16:33:38.772890: Epoch time: 61.16 s
2026-09-10 16:33:38.780153: Yayy! New best EMA pseudo Dice: 0.9114999771118164
2026-09-10 16:33:41.817384: 
2026-09-10 16:33:41.836497: Epoch 128
2026-09-10 16:33:41.848051: Current learning rate: 0.00524
2026-09-10 16:34:42.470315: train_loss -0.8087
2026-09-10 16:34:42.482098: val_loss -0.7764
2026-09-10 16:34:42.489768: Pseudo dice [np.float32(0.9501), np.float32(0.9377), np.float32(0.9338), np.float32(0.9402), np.float32(0.7942)]
2026-09-10 16:34:42.496473: Epoch time: 60.65 s
2026-09-10 16:34:43.844374: 
2026-09-10 16:34:43.853313: Epoch 129
2026-09-10 16:34:43.860426: Current learning rate: 0.0052
2026-09-10 16:35:44.621830: train_loss -0.8029
2026-09-10 16:35:44.661247: val_loss -0.7843
2026-09-10 16:35:44.672086: Pseudo dice [np.float32(0.9521), np.float32(0.939), np.float32(0.9334), np.float32(0.9429), np.float32(0.7931)]
2026-09-10 16:35:44.680790: Epoch time: 60.78 s
2026-09-10 16:35:44.690979: Yayy! New best EMA pseudo Dice: 0.9114999771118164
2026-09-10 16:35:47.874566: 
2026-09-10 16:35:47.883305: Epoch 130
2026-09-10 16:35:47.893401: Current learning rate: 0.00517
2026-09-10 16:36:48.963917: train_loss -0.8114
2026-09-10 16:36:48.974798: val_loss -0.788
2026-09-10 16:36:48.983502: Pseudo dice [np.float32(0.9544), np.float32(0.9479), np.float32(0.9361), np.float32(0.9484), np.float32(0.796)]
2026-09-10 16:36:48.996477: Epoch time: 61.09 s
2026-09-10 16:36:49.005884: Yayy! New best EMA pseudo Dice: 0.9120000004768372
2026-09-10 16:36:52.074395: 
2026-09-10 16:36:52.098235: Epoch 131
2026-09-10 16:36:52.123379: Current learning rate: 0.00513
2026-09-10 16:37:52.646009: train_loss -0.7894
2026-09-10 16:37:52.660586: val_loss -0.7748
2026-09-10 16:37:52.669807: Pseudo dice [np.float32(0.9508), np.float32(0.9385), np.float32(0.9367), np.float32(0.9418), np.float32(0.7871)]
2026-09-10 16:37:52.680445: Epoch time: 60.57 s
2026-09-10 16:37:54.637636: 
2026-09-10 16:37:54.645545: Epoch 132
2026-09-10 16:37:54.652958: Current learning rate: 0.00509
2026-09-10 16:38:55.586948: train_loss -0.8038
2026-09-10 16:38:55.610424: val_loss -0.7787
2026-09-10 16:38:55.617458: Pseudo dice [np.float32(0.9521), np.float32(0.9449), np.float32(0.9328), np.float32(0.9423), np.float32(0.7758)]
2026-09-10 16:38:55.623510: Epoch time: 60.95 s
2026-09-10 16:38:57.903570: 
2026-09-10 16:38:57.911523: Epoch 133
2026-09-10 16:38:57.935819: Current learning rate: 0.00505
2026-09-10 16:39:57.665329: train_loss -0.8031
2026-09-10 16:39:57.682365: val_loss -0.7832
2026-09-10 16:39:57.691719: Pseudo dice [np.float32(0.9527), np.float32(0.9424), np.float32(0.9335), np.float32(0.9447), np.float32(0.7913)]
2026-09-10 16:39:57.699590: Epoch time: 59.76 s
2026-09-10 16:39:59.718668: 
2026-09-10 16:39:59.732046: Epoch 134
2026-09-10 16:39:59.744998: Current learning rate: 0.00501
2026-09-10 16:40:59.694780: train_loss -0.7873
2026-09-10 16:40:59.706720: val_loss -0.7678
2026-09-10 16:40:59.714289: Pseudo dice [np.float32(0.948), np.float32(0.9413), np.float32(0.9289), np.float32(0.9451), np.float32(0.775)]
2026-09-10 16:40:59.720673: Epoch time: 59.98 s
2026-09-10 16:41:01.065126: 
2026-09-10 16:41:01.072391: Epoch 135
2026-09-10 16:41:01.081049: Current learning rate: 0.00497
2026-09-10 16:42:00.694974: train_loss -0.7995
2026-09-10 16:42:00.711308: val_loss -0.7777
2026-09-10 16:42:00.719199: Pseudo dice [np.float32(0.9526), np.float32(0.9405), np.float32(0.9312), np.float32(0.9448), np.float32(0.7856)]
2026-09-10 16:42:00.727399: Epoch time: 59.63 s
2026-09-10 16:42:02.770585: 
2026-09-10 16:42:02.780977: Epoch 136
2026-09-10 16:42:02.788671: Current learning rate: 0.00493
2026-09-10 16:43:02.472426: train_loss -0.7937
2026-09-10 16:43:02.481910: val_loss -0.7755
2026-09-10 16:43:02.492483: Pseudo dice [np.float32(0.9501), np.float32(0.9356), np.float32(0.9359), np.float32(0.9448), np.float32(0.7883)]
2026-09-10 16:43:02.500541: Epoch time: 59.7 s
2026-09-10 16:43:04.665506: 
2026-09-10 16:43:04.673276: Epoch 137
2026-09-10 16:43:04.680129: Current learning rate: 0.00489
2026-09-10 16:44:04.553607: train_loss -0.8015
2026-09-10 16:44:04.569483: val_loss -0.7847
2026-09-10 16:44:04.580482: Pseudo dice [np.float32(0.9503), np.float32(0.944), np.float32(0.9284), np.float32(0.9432), np.float32(0.7856)]
2026-09-10 16:44:04.604351: Epoch time: 59.89 s
2026-09-10 16:44:05.915848: 
2026-09-10 16:44:05.923939: Epoch 138
2026-09-10 16:44:05.931081: Current learning rate: 0.00485
2026-09-10 16:45:05.676384: train_loss -0.7961
2026-09-10 16:45:05.690828: val_loss -0.7781
2026-09-10 16:45:05.699395: Pseudo dice [np.float32(0.9513), np.float32(0.9462), np.float32(0.9281), np.float32(0.9471), np.float32(0.7802)]
2026-09-10 16:45:05.706918: Epoch time: 59.76 s
2026-09-10 16:45:07.718379: 
2026-09-10 16:45:07.726513: Epoch 139
2026-09-10 16:45:07.733272: Current learning rate: 0.00482
2026-09-10 16:46:07.387501: train_loss -0.8017
2026-09-10 16:46:07.400373: val_loss -0.7812
2026-09-10 16:46:07.410575: Pseudo dice [np.float32(0.9521), np.float32(0.9433), np.float32(0.9349), np.float32(0.9492), np.float32(0.784)]
2026-09-10 16:46:07.420449: Epoch time: 59.67 s
2026-09-10 16:46:09.286060: 
2026-09-10 16:46:09.293238: Epoch 140
2026-09-10 16:46:09.301471: Current learning rate: 0.00478
2026-09-10 16:47:09.013455: train_loss -0.8115
2026-09-10 16:47:09.027533: val_loss -0.7656
2026-09-10 16:47:09.036587: Pseudo dice [np.float32(0.9488), np.float32(0.9362), np.float32(0.9315), np.float32(0.9441), np.float32(0.7783)]
2026-09-10 16:47:09.046540: Epoch time: 59.73 s
2026-09-10 16:47:11.135364: 
2026-09-10 16:47:11.142952: Epoch 141
2026-09-10 16:47:11.152132: Current learning rate: 0.00474
2026-09-10 16:48:10.800313: train_loss -0.8042
2026-09-10 16:48:10.810575: val_loss -0.7804
2026-09-10 16:48:10.816866: Pseudo dice [np.float32(0.952), np.float32(0.9392), np.float32(0.9388), np.float32(0.9399), np.float32(0.7867)]
2026-09-10 16:48:10.824375: Epoch time: 59.67 s
2026-09-10 16:48:12.677685: 
2026-09-10 16:48:12.688399: Epoch 142
2026-09-10 16:48:12.703388: Current learning rate: 0.0047
2026-09-10 16:49:12.554672: train_loss -0.8077
2026-09-10 16:49:12.565058: val_loss -0.7898
2026-09-10 16:49:12.574331: Pseudo dice [np.float32(0.9527), np.float32(0.9445), np.float32(0.9339), np.float32(0.9477), np.float32(0.7906)]
2026-09-10 16:49:12.583007: Epoch time: 59.88 s
2026-09-10 16:49:13.915507: 
2026-09-10 16:49:13.923976: Epoch 143
2026-09-10 16:49:13.929359: Current learning rate: 0.00466
2026-09-10 16:50:13.674670: train_loss -0.8102
2026-09-10 16:50:13.689579: val_loss -0.7798
2026-09-10 16:50:13.698184: Pseudo dice [np.float32(0.9514), np.float32(0.9462), np.float32(0.9289), np.float32(0.9473), np.float32(0.7826)]
2026-09-10 16:50:13.706156: Epoch time: 59.76 s
2026-09-10 16:50:15.517920: 
2026-09-10 16:50:15.528888: Epoch 144
2026-09-10 16:50:15.536127: Current learning rate: 0.00462
2026-09-10 16:51:15.128845: train_loss -0.8095
2026-09-10 16:51:15.143265: val_loss -0.7763
2026-09-10 16:51:15.153646: Pseudo dice [np.float32(0.9531), np.float32(0.9411), np.float32(0.9356), np.float32(0.946), np.float32(0.7762)]
2026-09-10 16:51:15.168575: Epoch time: 59.61 s
2026-09-10 16:51:17.304139: 
2026-09-10 16:51:17.319205: Epoch 145
2026-09-10 16:51:17.328961: Current learning rate: 0.00458
2026-09-10 16:52:16.916920: train_loss -0.805
2026-09-10 16:52:16.928233: val_loss -0.7793
2026-09-10 16:52:16.938434: Pseudo dice [np.float32(0.9555), np.float32(0.9413), np.float32(0.9298), np.float32(0.9408), np.float32(0.7739)]
2026-09-10 16:52:16.948439: Epoch time: 59.61 s
2026-09-10 16:52:18.955672: 
2026-09-10 16:52:18.964597: Epoch 146
2026-09-10 16:52:18.971349: Current learning rate: 0.00454
2026-09-10 16:53:18.709826: train_loss -0.8017
2026-09-10 16:53:18.720974: val_loss -0.7812
2026-09-10 16:53:18.731575: Pseudo dice [np.float32(0.9512), np.float32(0.9451), np.float32(0.9336), np.float32(0.9468), np.float32(0.7789)]
2026-09-10 16:53:18.737835: Epoch time: 59.76 s
2026-09-10 16:53:20.804209: 
2026-09-10 16:53:20.812848: Epoch 147
2026-09-10 16:53:20.821893: Current learning rate: 0.0045
2026-09-10 16:54:20.545403: train_loss -0.8092
2026-09-10 16:54:20.558394: val_loss -0.7926
2026-09-10 16:54:20.565783: Pseudo dice [np.float32(0.9554), np.float32(0.9451), np.float32(0.9362), np.float32(0.9464), np.float32(0.7941)]
2026-09-10 16:54:20.575671: Epoch time: 59.74 s
2026-09-10 16:54:21.915102: 
2026-09-10 16:54:21.922058: Epoch 148
2026-09-10 16:54:21.930925: Current learning rate: 0.00446
2026-09-10 16:55:21.722540: train_loss -0.8103
2026-09-10 16:55:21.756366: val_loss -0.7893
2026-09-10 16:55:21.777568: Pseudo dice [np.float32(0.9556), np.float32(0.9441), np.float32(0.9327), np.float32(0.9479), np.float32(0.7895)]
2026-09-10 16:55:21.801671: Epoch time: 59.81 s
2026-09-10 16:55:23.818389: 
2026-09-10 16:55:23.830666: Epoch 149
2026-09-10 16:55:23.840610: Current learning rate: 0.00442
2026-09-10 16:56:23.547013: train_loss -0.817
2026-09-10 16:56:23.555369: val_loss -0.7777
2026-09-10 16:56:23.562762: Pseudo dice [np.float32(0.9543), np.float32(0.9377), np.float32(0.9355), np.float32(0.9448), np.float32(0.7828)]
2026-09-10 16:56:23.570932: Epoch time: 59.73 s
2026-09-10 16:56:25.902619: 
2026-09-10 16:56:25.909598: Epoch 150
2026-09-10 16:56:25.917688: Current learning rate: 0.00438
2026-09-10 16:57:25.782187: train_loss -0.8202
2026-09-10 16:57:25.799935: val_loss -0.7865
2026-09-10 16:57:25.807801: Pseudo dice [np.float32(0.9549), np.float32(0.9397), np.float32(0.9352), np.float32(0.9454), np.float32(0.8054)]
2026-09-10 16:57:25.815434: Epoch time: 59.88 s
2026-09-10 16:57:28.972584: 
2026-09-10 16:57:28.978806: Epoch 151
2026-09-10 16:57:28.985296: Current learning rate: 0.00434
2026-09-10 16:58:28.730744: train_loss -0.817
2026-09-10 16:58:28.761352: val_loss -0.7779
2026-09-10 16:58:28.787385: Pseudo dice [np.float32(0.953), np.float32(0.9361), np.float32(0.9339), np.float32(0.9425), np.float32(0.7887)]
2026-09-10 16:58:28.800782: Epoch time: 59.76 s
2026-09-10 16:58:30.823102: 
2026-09-10 16:58:30.836951: Epoch 152
2026-09-10 16:58:30.846749: Current learning rate: 0.0043
2026-09-10 16:59:30.555991: train_loss -0.81
2026-09-10 16:59:30.567355: val_loss -0.7741
2026-09-10 16:59:30.574869: Pseudo dice [np.float32(0.9548), np.float32(0.9428), np.float32(0.9333), np.float32(0.9473), np.float32(0.7787)]
2026-09-10 16:59:30.583089: Epoch time: 59.74 s
2026-09-10 16:59:32.148963: 
2026-09-10 16:59:32.155558: Epoch 153
2026-09-10 16:59:32.163818: Current learning rate: 0.00427
2026-09-10 17:00:31.938126: train_loss -0.8151
2026-09-10 17:00:31.951840: val_loss -0.7834
2026-09-10 17:00:31.958573: Pseudo dice [np.float32(0.9552), np.float32(0.9435), np.float32(0.9334), np.float32(0.9472), np.float32(0.788)]
2026-09-10 17:00:31.966462: Epoch time: 59.79 s
2026-09-10 17:00:34.017514: 
2026-09-10 17:00:34.029283: Epoch 154
2026-09-10 17:00:34.039503: Current learning rate: 0.00423
2026-09-10 17:01:33.905905: train_loss -0.8113
2026-09-10 17:01:33.921105: val_loss -0.7866
2026-09-10 17:01:33.928086: Pseudo dice [np.float32(0.9525), np.float32(0.9451), np.float32(0.9351), np.float32(0.948), np.float32(0.7873)]
2026-09-10 17:01:33.939657: Epoch time: 59.89 s
2026-09-10 17:01:33.950386: Yayy! New best EMA pseudo Dice: 0.9121999740600586
2026-09-10 17:01:37.146928: 
2026-09-10 17:01:37.154608: Epoch 155
2026-09-10 17:01:37.165498: Current learning rate: 0.00419
2026-09-10 17:02:37.008396: train_loss -0.8099
2026-09-10 17:02:37.019258: val_loss -0.7813
2026-09-10 17:02:37.028775: Pseudo dice [np.float32(0.9522), np.float32(0.9459), np.float32(0.937), np.float32(0.9418), np.float32(0.7882)]
2026-09-10 17:02:37.036196: Epoch time: 59.86 s
2026-09-10 17:02:37.042614: Yayy! New best EMA pseudo Dice: 0.9122999906539917
2026-09-10 17:02:40.130252: 
2026-09-10 17:02:40.142345: Epoch 156
2026-09-10 17:02:40.153394: Current learning rate: 0.00415
2026-09-10 17:03:40.044163: train_loss -0.8203
2026-09-10 17:03:40.062402: val_loss -0.7742
2026-09-10 17:03:40.073026: Pseudo dice [np.float32(0.9528), np.float32(0.9403), np.float32(0.9368), np.float32(0.9419), np.float32(0.7909)]
2026-09-10 17:03:40.082645: Epoch time: 59.92 s
2026-09-10 17:03:40.090199: Yayy! New best EMA pseudo Dice: 0.9122999906539917
2026-09-10 17:03:43.193734: 
2026-09-10 17:03:43.200923: Epoch 157
2026-09-10 17:03:43.209242: Current learning rate: 0.00411
2026-09-10 17:04:43.107064: train_loss -0.819
2026-09-10 17:04:43.122366: val_loss -0.7894
2026-09-10 17:04:43.134389: Pseudo dice [np.float32(0.9539), np.float32(0.9455), np.float32(0.9372), np.float32(0.9482), np.float32(0.8038)]
2026-09-10 17:04:43.154072: Epoch time: 59.91 s
2026-09-10 17:04:43.165419: Yayy! New best EMA pseudo Dice: 0.9128000140190125
2026-09-10 17:04:46.261957: 
2026-09-10 17:04:46.270129: Epoch 158
2026-09-10 17:04:46.277735: Current learning rate: 0.00407
2026-09-10 17:05:46.107198: train_loss -0.8189
2026-09-10 17:05:46.121155: val_loss -0.7876
2026-09-10 17:05:46.128762: Pseudo dice [np.float32(0.9525), np.float32(0.9419), np.float32(0.9329), np.float32(0.9454), np.float32(0.787)]
2026-09-10 17:05:46.135646: Epoch time: 59.85 s
2026-09-10 17:05:47.441416: 
2026-09-10 17:05:47.449147: Epoch 159
2026-09-10 17:05:47.455493: Current learning rate: 0.00403
2026-09-10 17:06:47.226392: train_loss -0.8175
2026-09-10 17:06:47.244569: val_loss -0.7844
2026-09-10 17:06:47.255003: Pseudo dice [np.float32(0.9513), np.float32(0.9423), np.float32(0.9391), np.float32(0.9454), np.float32(0.7953)]
2026-09-10 17:06:47.267489: Epoch time: 59.79 s
2026-09-10 17:06:47.277892: Yayy! New best EMA pseudo Dice: 0.9128999710083008
2026-09-10 17:06:50.700801: 
2026-09-10 17:06:50.708149: Epoch 160
2026-09-10 17:06:50.722750: Current learning rate: 0.00399
2026-09-10 17:07:50.334055: train_loss -0.8215
2026-09-10 17:07:50.378252: val_loss -0.7828
2026-09-10 17:07:50.395582: Pseudo dice [np.float32(0.9555), np.float32(0.9411), np.float32(0.9319), np.float32(0.9439), np.float32(0.7924)]
2026-09-10 17:07:50.405765: Epoch time: 59.64 s
2026-09-10 17:07:50.414509: Yayy! New best EMA pseudo Dice: 0.9128999710083008
2026-09-10 17:07:53.998514: 
2026-09-10 17:07:54.015009: Epoch 161
2026-09-10 17:07:54.025476: Current learning rate: 0.00395
2026-09-10 17:08:53.798094: train_loss -0.8216
2026-09-10 17:08:53.811256: val_loss -0.7683
2026-09-10 17:08:53.819570: Pseudo dice [np.float32(0.9529), np.float32(0.9373), np.float32(0.9347), np.float32(0.9411), np.float32(0.7681)]
2026-09-10 17:08:53.832979: Epoch time: 59.8 s
2026-09-10 17:08:55.857966: 
2026-09-10 17:08:55.870704: Epoch 162
2026-09-10 17:08:55.878451: Current learning rate: 0.00391
2026-09-10 17:09:55.604692: train_loss -0.8204
2026-09-10 17:09:55.624868: val_loss -0.7776
2026-09-10 17:09:55.635367: Pseudo dice [np.float32(0.9514), np.float32(0.9388), np.float32(0.9318), np.float32(0.9441), np.float32(0.7843)]
2026-09-10 17:09:55.645889: Epoch time: 59.75 s
2026-09-10 17:09:57.624650: 
2026-09-10 17:09:57.632974: Epoch 163
2026-09-10 17:09:57.645058: Current learning rate: 0.00387
2026-09-10 17:10:57.474301: train_loss -0.8227
2026-09-10 17:10:57.493346: val_loss -0.7733
2026-09-10 17:10:57.507385: Pseudo dice [np.float32(0.9521), np.float32(0.9466), np.float32(0.9305), np.float32(0.9467), np.float32(0.7807)]
2026-09-10 17:10:57.523405: Epoch time: 59.85 s
2026-09-10 17:10:59.648812: 
2026-09-10 17:10:59.678779: Epoch 164
2026-09-10 17:10:59.712523: Current learning rate: 0.00383
2026-09-10 17:12:00.497063: train_loss -0.8229
2026-09-10 17:12:00.509510: val_loss -0.7768
2026-09-10 17:12:00.521249: Pseudo dice [np.float32(0.9519), np.float32(0.9432), np.float32(0.9332), np.float32(0.9498), np.float32(0.8001)]
2026-09-10 17:12:00.531348: Epoch time: 60.85 s
2026-09-10 17:12:01.826182: 
2026-09-10 17:12:01.834403: Epoch 165
2026-09-10 17:12:01.844471: Current learning rate: 0.00379
2026-09-10 17:13:04.020306: train_loss -0.8235
2026-09-10 17:13:04.035667: val_loss -0.7783
2026-09-10 17:13:04.043401: Pseudo dice [np.float32(0.9544), np.float32(0.9439), np.float32(0.9338), np.float32(0.948), np.float32(0.7878)]
2026-09-10 17:13:04.050651: Epoch time: 62.2 s
2026-09-10 17:13:06.009630: 
2026-09-10 17:13:06.024802: Epoch 166
2026-09-10 17:13:06.037946: Current learning rate: 0.00375
2026-09-10 17:14:07.692403: train_loss -0.8201
2026-09-10 17:14:07.707495: val_loss -0.7919
2026-09-10 17:14:07.716197: Pseudo dice [np.float32(0.9545), np.float32(0.9452), np.float32(0.9362), np.float32(0.9442), np.float32(0.8027)]
2026-09-10 17:14:07.727588: Epoch time: 61.68 s
2026-09-10 17:14:09.034866: 
2026-09-10 17:14:09.043295: Epoch 167
2026-09-10 17:14:09.050462: Current learning rate: 0.00371
2026-09-10 17:15:10.787391: train_loss -0.8246
2026-09-10 17:15:10.813360: val_loss -0.7874
2026-09-10 17:15:10.827713: Pseudo dice [np.float32(0.9529), np.float32(0.9451), np.float32(0.9371), np.float32(0.9459), np.float32(0.788)]
2026-09-10 17:15:10.834834: Epoch time: 61.75 s
2026-09-10 17:15:10.847372: Yayy! New best EMA pseudo Dice: 0.9129999876022339
2026-09-10 17:15:14.078467: 
2026-09-10 17:15:14.085299: Epoch 168
2026-09-10 17:15:14.093347: Current learning rate: 0.00367
2026-09-10 17:16:15.602756: train_loss -0.8244
2026-09-10 17:16:15.618886: val_loss -0.7783
2026-09-10 17:16:15.626477: Pseudo dice [np.float32(0.9524), np.float32(0.9385), np.float32(0.937), np.float32(0.9483), np.float32(0.7929)]
2026-09-10 17:16:15.636950: Epoch time: 61.53 s
2026-09-10 17:16:15.643821: Yayy! New best EMA pseudo Dice: 0.913100004196167
2026-09-10 17:16:20.202971: 
2026-09-10 17:16:20.216031: Epoch 169
2026-09-10 17:16:20.225858: Current learning rate: 0.00363
2026-09-10 17:17:22.256394: train_loss -0.8275
2026-09-10 17:17:22.273730: val_loss -0.7755
2026-09-10 17:17:22.281706: Pseudo dice [np.float32(0.9546), np.float32(0.9396), np.float32(0.9343), np.float32(0.9457), np.float32(0.7944)]
2026-09-10 17:17:22.291234: Epoch time: 62.06 s
2026-09-10 17:17:22.298183: Yayy! New best EMA pseudo Dice: 0.913100004196167
2026-09-10 17:17:24.760727: 
2026-09-10 17:17:24.772080: Epoch 170
2026-09-10 17:17:24.781066: Current learning rate: 0.00359
2026-09-10 17:18:26.507381: train_loss -0.8242
2026-09-10 17:18:26.519640: val_loss -0.7798
2026-09-10 17:18:26.527738: Pseudo dice [np.float32(0.9549), np.float32(0.9431), np.float32(0.937), np.float32(0.9456), np.float32(0.7944)]
2026-09-10 17:18:26.534749: Epoch time: 61.75 s
2026-09-10 17:18:26.542375: Yayy! New best EMA pseudo Dice: 0.9132999777793884
2026-09-10 17:18:29.705080: 
2026-09-10 17:18:29.713487: Epoch 171
2026-09-10 17:18:29.723653: Current learning rate: 0.00355
2026-09-10 17:19:31.795041: train_loss -0.8222
2026-09-10 17:19:31.809375: val_loss -0.7784
2026-09-10 17:19:31.820431: Pseudo dice [np.float32(0.9531), np.float32(0.9404), np.float32(0.9368), np.float32(0.9453), np.float32(0.7831)]
2026-09-10 17:19:31.830121: Epoch time: 62.09 s
2026-09-10 17:19:33.893218: 
2026-09-10 17:19:33.904261: Epoch 172
2026-09-10 17:19:33.918459: Current learning rate: 0.00351
2026-09-10 17:22:36.968290: train_loss -0.8236
2026-09-10 17:22:36.993171: val_loss -0.7788
2026-09-10 17:22:37.006117: Pseudo dice [np.float32(0.9525), np.float32(0.9455), np.float32(0.9339), np.float32(0.949), np.float32(0.7885)]
2026-09-10 17:22:37.017700: Epoch time: 183.08 s
2026-09-10 17:23:30.302196: 
2026-09-10 17:23:30.313051: Epoch 173
2026-09-10 17:23:30.324605: Current learning rate: 0.00346
2026-09-10 17:36:11.899387: train_loss -0.8237
2026-09-10 17:36:11.923273: val_loss -0.7838
2026-09-10 17:36:11.950000: Pseudo dice [np.float32(0.9538), np.float32(0.944), np.float32(0.9307), np.float32(0.9439), np.float32(0.7909)]
2026-09-10 17:36:11.961624: Epoch time: 761.71 s
2026-09-10 17:37:21.528464: 
2026-09-10 17:37:21.536628: Epoch 174
2026-09-10 17:37:21.543260: Current learning rate: 0.00342
2026-09-10 17:50:09.491712: train_loss -0.8242
2026-09-10 17:50:09.515595: val_loss -0.7829
2026-09-10 17:50:09.523572: Pseudo dice [np.float32(0.9545), np.float32(0.9403), np.float32(0.936), np.float32(0.945), np.float32(0.7906)]
2026-09-10 17:50:09.533966: Epoch time: 767.96 s
2026-09-10 17:50:43.338481: 
2026-09-10 17:50:43.347938: Epoch 175
2026-09-10 17:50:43.355226: Current learning rate: 0.00338
2026-09-10 18:02:08.546491: train_loss -0.8265
2026-09-10 18:02:08.563944: val_loss -0.7902
2026-09-10 18:02:08.610638: Pseudo dice [np.float32(0.9543), np.float32(0.9473), np.float32(0.9344), np.float32(0.9478), np.float32(0.7973)]
2026-09-10 18:02:08.629655: Epoch time: 685.21 s
2026-09-10 18:02:08.640785: Yayy! New best EMA pseudo Dice: 0.9135000109672546
2026-09-10 18:04:03.602110: 
2026-09-10 18:04:03.619734: Epoch 176
2026-09-10 18:04:03.631170: Current learning rate: 0.00334
2026-09-10 18:18:37.047945: train_loss -0.8251
2026-09-10 18:18:37.060955: val_loss -0.7853
2026-09-10 18:18:37.073629: Pseudo dice [np.float32(0.9537), np.float32(0.945), np.float32(0.9348), np.float32(0.948), np.float32(0.7952)]
2026-09-10 18:18:37.080008: Epoch time: 873.9 s
2026-09-10 18:18:37.085984: Yayy! New best EMA pseudo Dice: 0.9136999845504761
2026-09-10 18:19:00.064365: 
2026-09-10 18:19:00.073876: Epoch 177
2026-09-10 18:19:00.083549: Current learning rate: 0.0033
2026-09-10 18:26:09.344050: train_loss -0.8204
2026-09-10 18:26:09.358204: val_loss -0.7862
2026-09-10 18:26:09.364662: Pseudo dice [np.float32(0.9548), np.float32(0.9418), np.float32(0.9396), np.float32(0.9458), np.float32(0.7958)]
2026-09-10 18:26:09.371938: Epoch time: 429.29 s
2026-09-10 18:26:09.380671: Yayy! New best EMA pseudo Dice: 0.9139000177383423
2026-09-10 18:27:29.423796: 
2026-09-10 18:27:29.494284: Epoch 178
2026-09-10 18:27:29.674492: Current learning rate: 0.00326
2026-09-10 18:39:12.774067: train_loss -0.8223
2026-09-10 18:39:12.788420: val_loss -0.7885
2026-09-10 18:39:12.797349: Pseudo dice [np.float32(0.9531), np.float32(0.9421), np.float32(0.9337), np.float32(0.9416), np.float32(0.7965)]
2026-09-10 18:39:12.811340: Epoch time: 704.25 s
2026-09-10 18:39:47.011164: 
2026-09-10 18:39:47.032899: Epoch 179
2026-09-10 18:39:47.351771: Current learning rate: 0.00322
2026-09-10 18:50:34.016791: train_loss -0.8216
2026-09-10 18:50:34.036474: val_loss -0.7682
2026-09-10 18:50:34.054646: Pseudo dice [np.float32(0.951), np.float32(0.9383), np.float32(0.9314), np.float32(0.9416), np.float32(0.7801)]
2026-09-10 18:50:34.067397: Epoch time: 647.88 s
2026-09-10 18:50:56.552462: 
2026-09-10 18:50:56.559255: Epoch 180
2026-09-10 18:50:56.567508: Current learning rate: 0.00318
2026-09-10 18:51:58.064996: train_loss -0.8262
2026-09-10 18:51:58.075948: val_loss -0.7847
2026-09-10 18:51:58.086673: Pseudo dice [np.float32(0.9512), np.float32(0.9438), np.float32(0.935), np.float32(0.9472), np.float32(0.7874)]
2026-09-10 18:51:58.093854: Epoch time: 61.52 s
2026-09-10 18:52:00.156157: 
2026-09-10 18:52:00.166565: Epoch 181
2026-09-10 18:52:00.175699: Current learning rate: 0.00314
2026-09-10 18:53:02.269990: train_loss -0.8208
2026-09-10 18:53:02.281773: val_loss -0.7762
2026-09-10 18:53:02.291337: Pseudo dice [np.float32(0.9537), np.float32(0.9413), np.float32(0.9362), np.float32(0.9466), np.float32(0.7912)]
2026-09-10 18:53:02.297808: Epoch time: 62.12 s
2026-09-10 18:53:03.628918: 
2026-09-10 18:53:03.634635: Epoch 182
2026-09-10 18:53:03.642348: Current learning rate: 0.0031
2026-09-10 18:54:05.354823: train_loss -0.8272
2026-09-10 18:54:05.371450: val_loss -0.7923
2026-09-10 18:54:05.379960: Pseudo dice [np.float32(0.9561), np.float32(0.9457), np.float32(0.939), np.float32(0.9454), np.float32(0.7961)]
2026-09-10 18:54:05.390404: Epoch time: 61.73 s
2026-09-10 18:54:07.511899: 
2026-09-10 18:54:07.521431: Epoch 183
2026-09-10 18:54:07.534469: Current learning rate: 0.00306
2026-09-10 18:55:10.678864: train_loss -0.8282
2026-09-10 18:55:10.695387: val_loss -0.7842
2026-09-10 18:55:10.707175: Pseudo dice [np.float32(0.954), np.float32(0.9438), np.float32(0.9381), np.float32(0.9473), np.float32(0.7958)]
2026-09-10 18:55:10.715540: Epoch time: 63.17 s
2026-09-10 18:55:12.769049: 
2026-09-10 18:55:12.791831: Epoch 184
2026-09-10 18:55:12.814352: Current learning rate: 0.00302
2026-09-10 18:56:14.400548: train_loss -0.825
2026-09-10 18:56:14.415819: val_loss -0.7826
2026-09-10 18:56:14.424458: Pseudo dice [np.float32(0.9549), np.float32(0.9426), np.float32(0.9304), np.float32(0.9438), np.float32(0.785)]
2026-09-10 18:56:14.433388: Epoch time: 61.63 s
2026-09-10 18:56:16.565432: 
2026-09-10 18:56:16.582183: Epoch 185
2026-09-10 18:56:16.594504: Current learning rate: 0.00297
2026-09-10 18:57:18.841812: train_loss -0.8296
2026-09-10 18:57:18.856021: val_loss -0.7797
2026-09-10 18:57:18.865855: Pseudo dice [np.float32(0.9524), np.float32(0.9423), np.float32(0.9301), np.float32(0.9433), np.float32(0.7903)]
2026-09-10 18:57:18.876761: Epoch time: 62.28 s
2026-09-10 18:57:22.323637: 
2026-09-10 18:57:22.334277: Epoch 186
2026-09-10 18:57:22.343870: Current learning rate: 0.00293
2026-09-10 18:58:24.328162: train_loss -0.8315
2026-09-10 18:58:24.346713: val_loss -0.7847
2026-09-10 18:58:24.358611: Pseudo dice [np.float32(0.9557), np.float32(0.9449), np.float32(0.9358), np.float32(0.9463), np.float32(0.7881)]
2026-09-10 18:58:24.366106: Epoch time: 62.01 s
2026-09-10 18:58:25.882995: 
2026-09-10 18:58:25.889299: Epoch 187
2026-09-10 18:58:25.896080: Current learning rate: 0.00289
2026-09-10 18:59:27.560623: train_loss -0.8286
2026-09-10 18:59:27.570518: val_loss -0.7822
2026-09-10 18:59:27.578687: Pseudo dice [np.float32(0.9512), np.float32(0.9433), np.float32(0.9373), np.float32(0.9468), np.float32(0.7854)]
2026-09-10 18:59:27.586259: Epoch time: 61.68 s
2026-09-10 18:59:29.666559: 
2026-09-10 18:59:29.681273: Epoch 188
2026-09-10 18:59:29.695512: Current learning rate: 0.00285
2026-09-10 19:00:31.904756: train_loss -0.8334
2026-09-10 19:00:31.920306: val_loss -0.7886
2026-09-10 19:00:31.935189: Pseudo dice [np.float32(0.9551), np.float32(0.9461), np.float32(0.9356), np.float32(0.9482), np.float32(0.7828)]
2026-09-10 19:00:31.950421: Epoch time: 62.24 s
2026-09-10 19:00:34.054157: 
2026-09-10 19:00:34.063617: Epoch 189
2026-09-10 19:00:34.071828: Current learning rate: 0.00281
2026-09-10 19:01:36.664037: train_loss -0.836
2026-09-10 19:01:36.679993: val_loss -0.7865
2026-09-10 19:01:36.687812: Pseudo dice [np.float32(0.9546), np.float32(0.946), np.float32(0.9336), np.float32(0.9496), np.float32(0.8022)]
2026-09-10 19:01:36.704691: Epoch time: 62.61 s
2026-09-10 19:01:38.831040: 
2026-09-10 19:01:38.837403: Epoch 190
2026-09-10 19:01:38.847035: Current learning rate: 0.00277
2026-09-10 19:02:41.488331: train_loss -0.8346
2026-09-10 19:02:41.501053: val_loss -0.7813
2026-09-10 19:02:41.511586: Pseudo dice [np.float32(0.9543), np.float32(0.9449), np.float32(0.9313), np.float32(0.9483), np.float32(0.7934)]
2026-09-10 19:02:41.520014: Epoch time: 62.66 s
2026-09-10 19:02:43.624273: 
2026-09-10 19:02:43.636258: Epoch 191
2026-09-10 19:02:43.646278: Current learning rate: 0.00273
2026-09-10 19:03:46.453010: train_loss -0.8297
2026-09-10 19:03:46.464752: val_loss -0.7893
2026-09-10 19:03:46.472026: Pseudo dice [np.float32(0.956), np.float32(0.9432), np.float32(0.9356), np.float32(0.9481), np.float32(0.7939)]
2026-09-10 19:03:46.478811: Epoch time: 62.83 s
2026-09-10 19:03:46.486175: Yayy! New best EMA pseudo Dice: 0.9139999747276306
2026-09-10 19:03:48.896226: 
2026-09-10 19:03:48.908253: Epoch 192
2026-09-10 19:03:48.921381: Current learning rate: 0.00268
2026-09-10 19:04:51.045220: train_loss -0.8307
2026-09-10 19:04:51.057805: val_loss -0.7763
2026-09-10 19:04:51.067341: Pseudo dice [np.float32(0.9534), np.float32(0.943), np.float32(0.9322), np.float32(0.9464), np.float32(0.7875)]
2026-09-10 19:04:51.080504: Epoch time: 62.15 s
2026-09-10 19:04:53.054673: 
2026-09-10 19:04:53.074744: Epoch 193
2026-09-10 19:04:53.083168: Current learning rate: 0.00264
2026-09-10 19:05:55.152561: train_loss -0.833
2026-09-10 19:05:55.171413: val_loss -0.778
2026-09-10 19:05:55.179607: Pseudo dice [np.float32(0.9514), np.float32(0.9406), np.float32(0.9365), np.float32(0.9443), np.float32(0.7897)]
2026-09-10 19:05:55.187743: Epoch time: 62.1 s
2026-09-10 19:05:57.232923: 
2026-09-10 19:05:57.242724: Epoch 194
2026-09-10 19:05:57.248854: Current learning rate: 0.0026
2026-09-10 19:06:58.917255: train_loss -0.8319
2026-09-10 19:06:58.931544: val_loss -0.7777
2026-09-10 19:06:58.938789: Pseudo dice [np.float32(0.9531), np.float32(0.9406), np.float32(0.936), np.float32(0.9462), np.float32(0.7845)]
2026-09-10 19:06:58.947280: Epoch time: 61.69 s
2026-09-10 19:07:00.992729: 
2026-09-10 19:07:00.999817: Epoch 195
2026-09-10 19:07:01.014052: Current learning rate: 0.00256
2026-09-10 19:08:02.546154: train_loss -0.824
2026-09-10 19:08:02.562365: val_loss -0.7877
2026-09-10 19:08:02.576460: Pseudo dice [np.float32(0.9514), np.float32(0.9485), np.float32(0.9362), np.float32(0.9486), np.float32(0.7912)]
2026-09-10 19:08:02.585134: Epoch time: 61.55 s
2026-09-10 19:08:04.659237: 
2026-09-10 19:08:04.666407: Epoch 196
2026-09-10 19:08:04.676527: Current learning rate: 0.00252
2026-09-10 19:09:06.363594: train_loss -0.8342
2026-09-10 19:09:06.374959: val_loss -0.7954
2026-09-10 19:09:06.381373: Pseudo dice [np.float32(0.9546), np.float32(0.9462), np.float32(0.9387), np.float32(0.9478), np.float32(0.7978)]
2026-09-10 19:09:06.387664: Epoch time: 61.71 s
2026-09-10 19:09:06.395219: Yayy! New best EMA pseudo Dice: 0.9140999913215637
2026-09-10 19:09:09.605680: 
2026-09-10 19:09:09.616403: Epoch 197
2026-09-10 19:09:09.630465: Current learning rate: 0.00248
2026-09-10 19:10:11.308452: train_loss -0.8374
2026-09-10 19:10:11.320154: val_loss -0.7875
2026-09-10 19:10:11.328045: Pseudo dice [np.float32(0.9544), np.float32(0.9447), np.float32(0.9352), np.float32(0.9479), np.float32(0.8025)]
2026-09-10 19:10:11.335221: Epoch time: 61.71 s
2026-09-10 19:10:11.342560: Yayy! New best EMA pseudo Dice: 0.9143000245094299
2026-09-10 19:10:14.565467: 
2026-09-10 19:10:14.577009: Epoch 198
2026-09-10 19:10:14.584715: Current learning rate: 0.00243
2026-09-10 19:11:16.442467: train_loss -0.8382
2026-09-10 19:11:16.451094: val_loss -0.7835
2026-09-10 19:11:16.457557: Pseudo dice [np.float32(0.9535), np.float32(0.943), np.float32(0.9344), np.float32(0.9457), np.float32(0.7917)]
2026-09-10 19:11:16.463430: Epoch time: 61.88 s
2026-09-10 19:11:17.752499: 
2026-09-10 19:11:17.762405: Epoch 199
2026-09-10 19:11:17.769953: Current learning rate: 0.00239
2026-09-10 19:12:20.065534: train_loss -0.8321
2026-09-10 19:12:20.079373: val_loss -0.7841
2026-09-10 19:12:20.090848: Pseudo dice [np.float32(0.9543), np.float32(0.9405), np.float32(0.9332), np.float32(0.9478), np.float32(0.7965)]
2026-09-10 19:12:20.099228: Epoch time: 62.31 s
2026-09-10 19:12:23.289922: 
2026-09-10 19:12:23.297379: Epoch 200
2026-09-10 19:12:23.306572: Current learning rate: 0.00235
2026-09-10 19:13:25.282731: train_loss -0.8414
2026-09-10 19:13:25.296749: val_loss -0.7842
2026-09-10 19:13:25.303746: Pseudo dice [np.float32(0.9558), np.float32(0.9442), np.float32(0.9351), np.float32(0.9469), np.float32(0.7971)]
2026-09-10 19:13:25.310172: Epoch time: 62.0 s
2026-09-10 19:13:25.316840: Yayy! New best EMA pseudo Dice: 0.9143999814987183
2026-09-10 19:13:28.529190: 
2026-09-10 19:13:28.537970: Epoch 201
2026-09-10 19:13:28.551049: Current learning rate: 0.00231
2026-09-10 19:14:29.240862: train_loss -0.8375
2026-09-10 19:14:29.253849: val_loss -0.7809
2026-09-10 19:14:29.261052: Pseudo dice [np.float32(0.9532), np.float32(0.9457), np.float32(0.932), np.float32(0.946), np.float32(0.7875)]
2026-09-10 19:14:29.267540: Epoch time: 60.71 s
2026-09-10 19:14:30.641531: 
2026-09-10 19:14:30.649119: Epoch 202
2026-09-10 19:14:30.656001: Current learning rate: 0.00226
2026-09-10 19:15:31.210134: train_loss -0.8298
2026-09-10 19:15:31.222952: val_loss -0.7771
2026-09-10 19:15:31.230130: Pseudo dice [np.float32(0.9529), np.float32(0.9395), np.float32(0.9372), np.float32(0.9442), np.float32(0.788)]
2026-09-10 19:15:31.236542: Epoch time: 60.57 s
2026-09-10 19:15:33.246413: 
2026-09-10 19:15:33.254062: Epoch 203
2026-09-10 19:15:33.261922: Current learning rate: 0.00222
2026-09-10 19:16:33.351857: train_loss -0.8341
2026-09-10 19:16:33.360090: val_loss -0.7883
2026-09-10 19:16:33.375125: Pseudo dice [np.float32(0.9541), np.float32(0.9461), np.float32(0.9373), np.float32(0.9465), np.float32(0.7992)]
2026-09-10 19:16:33.390990: Epoch time: 60.11 s
2026-09-10 19:16:36.723897: 
2026-09-10 19:16:36.736246: Epoch 204
2026-09-10 19:16:36.747524: Current learning rate: 0.00218
2026-09-10 19:17:37.310563: train_loss -0.8341
2026-09-10 19:17:37.320787: val_loss -0.7812
2026-09-10 19:17:37.327939: Pseudo dice [np.float32(0.9531), np.float32(0.9427), np.float32(0.934), np.float32(0.9457), np.float32(0.7885)]
2026-09-10 19:17:37.334907: Epoch time: 60.59 s
2026-09-10 19:17:38.791719: 
2026-09-10 19:17:38.798954: Epoch 205
2026-09-10 19:17:38.805884: Current learning rate: 0.00214
2026-09-10 19:18:39.542270: train_loss -0.839
2026-09-10 19:18:39.551348: val_loss -0.7803
2026-09-10 19:18:39.558079: Pseudo dice [np.float32(0.9529), np.float32(0.9425), np.float32(0.9372), np.float32(0.9457), np.float32(0.7885)]
2026-09-10 19:18:39.567937: Epoch time: 60.75 s
2026-09-10 19:18:41.244392: 
2026-09-10 19:18:41.250504: Epoch 206
2026-09-10 19:18:41.256338: Current learning rate: 0.00209
2026-09-10 19:19:41.756239: train_loss -0.8349
2026-09-10 19:19:41.771750: val_loss -0.7912
2026-09-10 19:19:41.784024: Pseudo dice [np.float32(0.9561), np.float32(0.9479), np.float32(0.9362), np.float32(0.9469), np.float32(0.8017)]
2026-09-10 19:19:41.795430: Epoch time: 60.51 s
2026-09-10 19:19:41.808732: Yayy! New best EMA pseudo Dice: 0.9144999980926514
2026-09-10 19:19:45.145108: 
2026-09-10 19:19:45.159242: Epoch 207
2026-09-10 19:19:45.178367: Current learning rate: 0.00205
2026-09-10 19:20:44.964793: train_loss -0.8383
2026-09-10 19:20:44.982950: val_loss -0.7814
2026-09-10 19:20:45.006072: Pseudo dice [np.float32(0.9521), np.float32(0.9437), np.float32(0.9347), np.float32(0.9433), np.float32(0.7859)]
2026-09-10 19:20:45.020721: Epoch time: 59.82 s
2026-09-10 19:20:46.309231: 
2026-09-10 19:20:46.325156: Epoch 208
2026-09-10 19:20:46.337441: Current learning rate: 0.00201
2026-09-10 19:21:46.679689: train_loss -0.8383
2026-09-10 19:21:46.690354: val_loss -0.7783
2026-09-10 19:21:46.697135: Pseudo dice [np.float32(0.9536), np.float32(0.9414), np.float32(0.9338), np.float32(0.9463), np.float32(0.7912)]
2026-09-10 19:21:46.705050: Epoch time: 60.37 s
2026-09-10 19:21:47.976324: 
2026-09-10 19:21:47.982954: Epoch 209
2026-09-10 19:21:47.991121: Current learning rate: 0.00196
2026-09-10 19:22:48.520938: train_loss -0.8432
2026-09-10 19:22:48.534755: val_loss -0.7848
2026-09-10 19:22:48.554536: Pseudo dice [np.float32(0.9536), np.float32(0.9441), np.float32(0.9353), np.float32(0.9454), np.float32(0.7893)]
2026-09-10 19:22:48.562203: Epoch time: 60.55 s
2026-09-10 19:22:50.606097: 
2026-09-10 19:22:50.613695: Epoch 210
2026-09-10 19:22:50.623525: Current learning rate: 0.00192
2026-09-10 19:23:51.330418: train_loss -0.8376
2026-09-10 19:23:51.342607: val_loss -0.7839
2026-09-10 19:23:51.349148: Pseudo dice [np.float32(0.9549), np.float32(0.9423), np.float32(0.9371), np.float32(0.9474), np.float32(0.7909)]
2026-09-10 19:23:51.355426: Epoch time: 60.73 s
2026-09-10 19:23:52.827164: 
2026-09-10 19:23:52.839265: Epoch 211
2026-09-10 19:23:52.850437: Current learning rate: 0.00188
2026-09-10 19:24:53.765722: train_loss -0.8312
2026-09-10 19:24:53.782389: val_loss -0.7833
2026-09-10 19:24:53.793509: Pseudo dice [np.float32(0.9552), np.float32(0.9457), np.float32(0.9353), np.float32(0.9447), np.float32(0.787)]
2026-09-10 19:24:53.804496: Epoch time: 60.94 s
2026-09-10 19:24:55.813270: 
2026-09-10 19:24:55.824884: Epoch 212
2026-09-10 19:24:55.840105: Current learning rate: 0.00184
2026-09-10 19:25:56.693401: train_loss -0.8319
2026-09-10 19:25:56.714395: val_loss -0.7691
2026-09-10 19:25:56.726428: Pseudo dice [np.float32(0.9493), np.float32(0.9378), np.float32(0.9379), np.float32(0.9449), np.float32(0.7801)]
2026-09-10 19:25:56.735457: Epoch time: 60.88 s
2026-09-10 19:25:58.996284: 
2026-09-10 19:25:59.009387: Epoch 213
2026-09-10 19:25:59.021678: Current learning rate: 0.00179
2026-09-10 19:26:59.757010: train_loss -0.8393
2026-09-10 19:26:59.768530: val_loss -0.7898
2026-09-10 19:26:59.777511: Pseudo dice [np.float32(0.9545), np.float32(0.9466), np.float32(0.9354), np.float32(0.9485), np.float32(0.8012)]
2026-09-10 19:26:59.785452: Epoch time: 60.77 s
2026-09-10 19:27:01.090923: 
2026-09-10 19:27:01.098926: Epoch 214
2026-09-10 19:27:01.107486: Current learning rate: 0.00175
2026-09-10 19:28:01.859223: train_loss -0.8412
2026-09-10 19:28:01.900416: val_loss -0.7983
2026-09-10 19:28:01.932304: Pseudo dice [np.float32(0.9537), np.float32(0.9457), np.float32(0.9371), np.float32(0.9476), np.float32(0.8093)]
2026-09-10 19:28:01.941844: Epoch time: 60.77 s
2026-09-10 19:28:01.950345: Yayy! New best EMA pseudo Dice: 0.9144999980926514
2026-09-10 19:28:05.282389: 
2026-09-10 19:28:05.289826: Epoch 215
2026-09-10 19:28:05.296742: Current learning rate: 0.0017
2026-09-10 19:29:06.103634: train_loss -0.844
2026-09-10 19:29:06.145908: val_loss -0.773
2026-09-10 19:29:06.162961: Pseudo dice [np.float32(0.953), np.float32(0.9408), np.float32(0.9374), np.float32(0.9455), np.float32(0.7834)]
2026-09-10 19:29:06.169451: Epoch time: 60.82 s
2026-09-10 19:29:07.444274: 
2026-09-10 19:29:07.459173: Epoch 216
2026-09-10 19:29:07.474045: Current learning rate: 0.00166
2026-09-10 19:30:08.234998: train_loss -0.8408
2026-09-10 19:30:08.253997: val_loss -0.7838
2026-09-10 19:30:08.265478: Pseudo dice [np.float32(0.9546), np.float32(0.9466), np.float32(0.9366), np.float32(0.9467), np.float32(0.7977)]
2026-09-10 19:30:08.276458: Epoch time: 60.79 s
2026-09-10 19:30:10.194844: 
2026-09-10 19:30:10.208963: Epoch 217
2026-09-10 19:30:10.217504: Current learning rate: 0.00162
2026-09-10 19:31:10.967988: train_loss -0.8439
2026-09-10 19:31:10.985940: val_loss -0.7898
2026-09-10 19:31:10.992619: Pseudo dice [np.float32(0.9541), np.float32(0.941), np.float32(0.938), np.float32(0.9473), np.float32(0.803)]
2026-09-10 19:31:10.998757: Epoch time: 60.78 s
2026-09-10 19:31:11.005709: Yayy! New best EMA pseudo Dice: 0.9146999716758728
2026-09-10 19:31:13.238141: 
2026-09-10 19:31:13.245513: Epoch 218
2026-09-10 19:31:13.253365: Current learning rate: 0.00157
2026-09-10 19:32:14.507556: train_loss -0.8406
2026-09-10 19:32:14.519573: val_loss -0.7873
2026-09-10 19:32:14.529283: Pseudo dice [np.float32(0.9563), np.float32(0.9448), np.float32(0.9386), np.float32(0.9477), np.float32(0.7946)]
2026-09-10 19:32:14.538449: Epoch time: 61.27 s
2026-09-10 19:32:14.544422: Yayy! New best EMA pseudo Dice: 0.9147999882698059
2026-09-10 19:32:17.579705: 
2026-09-10 19:32:17.592156: Epoch 219
2026-09-10 19:32:17.605339: Current learning rate: 0.00153
2026-09-10 19:33:18.385001: train_loss -0.8389
2026-09-10 19:33:18.398756: val_loss -0.7919
2026-09-10 19:33:18.407085: Pseudo dice [np.float32(0.9559), np.float32(0.9481), np.float32(0.9336), np.float32(0.9485), np.float32(0.7985)]
2026-09-10 19:33:18.419134: Epoch time: 60.81 s
2026-09-10 19:33:18.425673: Yayy! New best EMA pseudo Dice: 0.9150999784469604
2026-09-10 19:33:20.771154: 
2026-09-10 19:33:20.778009: Epoch 220
2026-09-10 19:33:20.787745: Current learning rate: 0.00148
2026-09-10 19:34:21.499498: train_loss -0.8409
2026-09-10 19:34:21.507094: val_loss -0.7898
2026-09-10 19:34:21.515503: Pseudo dice [np.float32(0.9542), np.float32(0.9487), np.float32(0.9337), np.float32(0.9484), np.float32(0.793)]
2026-09-10 19:34:21.524296: Epoch time: 60.73 s
2026-09-10 19:34:21.532859: Yayy! New best EMA pseudo Dice: 0.9150999784469604
2026-09-10 19:34:24.389870: 
2026-09-10 19:34:24.398966: Epoch 221
2026-09-10 19:34:24.407803: Current learning rate: 0.00144
2026-09-10 19:35:25.083066: train_loss -0.8421
2026-09-10 19:35:25.093633: val_loss -0.7866
2026-09-10 19:35:25.102407: Pseudo dice [np.float32(0.9527), np.float32(0.9463), np.float32(0.9322), np.float32(0.947), np.float32(0.7931)]
2026-09-10 19:35:25.118077: Epoch time: 60.7 s
2026-09-10 19:35:26.417060: 
2026-09-10 19:35:26.425020: Epoch 222
2026-09-10 19:35:26.432980: Current learning rate: 0.00139
2026-09-10 19:36:27.043955: train_loss -0.847
2026-09-10 19:36:27.063734: val_loss -0.7787
2026-09-10 19:36:27.083457: Pseudo dice [np.float32(0.9541), np.float32(0.9443), np.float32(0.9373), np.float32(0.9451), np.float32(0.7919)]
2026-09-10 19:36:27.091852: Epoch time: 60.63 s
2026-09-10 19:36:30.452695: 
2026-09-10 19:36:30.464240: Epoch 223
2026-09-10 19:36:30.474373: Current learning rate: 0.00135
2026-09-10 19:37:30.860671: train_loss -0.8393
2026-09-10 19:37:30.872635: val_loss -0.7827
2026-09-10 19:37:30.881390: Pseudo dice [np.float32(0.9538), np.float32(0.9458), np.float32(0.9312), np.float32(0.9476), np.float32(0.7846)]
2026-09-10 19:37:30.899349: Epoch time: 60.41 s
2026-09-10 19:37:32.996347: 
2026-09-10 19:37:33.004682: Epoch 224
2026-09-10 19:37:33.012980: Current learning rate: 0.0013
2026-09-10 19:38:33.447628: train_loss -0.8439
2026-09-10 19:38:33.476605: val_loss -0.7877
2026-09-10 19:38:33.492428: Pseudo dice [np.float32(0.9562), np.float32(0.9463), np.float32(0.9343), np.float32(0.9465), np.float32(0.7921)]
2026-09-10 19:38:33.501821: Epoch time: 60.45 s
2026-09-10 19:38:35.737260: 
2026-09-10 19:38:35.749178: Epoch 225
2026-09-10 19:38:35.755686: Current learning rate: 0.00126
2026-09-10 19:39:37.031501: train_loss -0.8386
2026-09-10 19:39:37.055556: val_loss -0.7863
2026-09-10 19:39:37.069980: Pseudo dice [np.float32(0.9563), np.float32(0.9465), np.float32(0.938), np.float32(0.9469), np.float32(0.788)]
2026-09-10 19:39:37.081967: Epoch time: 61.3 s
2026-09-10 19:39:39.056491: 
2026-09-10 19:39:39.068265: Epoch 226
2026-09-10 19:39:39.079537: Current learning rate: 0.00121
2026-09-10 19:40:39.692501: train_loss -0.8409
2026-09-10 19:40:39.701146: val_loss -0.7758
2026-09-10 19:40:39.706122: Pseudo dice [np.float32(0.9551), np.float32(0.9437), np.float32(0.9385), np.float32(0.9471), np.float32(0.791)]
2026-09-10 19:40:39.712533: Epoch time: 60.64 s
2026-09-10 19:40:40.982312: 
2026-09-10 19:40:40.996240: Epoch 227
2026-09-10 19:40:41.005354: Current learning rate: 0.00117
2026-09-10 19:41:41.786180: train_loss -0.8377
2026-09-10 19:41:41.794818: val_loss -0.7776
2026-09-10 19:41:41.801390: Pseudo dice [np.float32(0.9536), np.float32(0.9441), np.float32(0.9403), np.float32(0.9457), np.float32(0.7833)]
2026-09-10 19:41:41.828849: Epoch time: 60.81 s
2026-09-10 19:41:43.765381: 
2026-09-10 19:41:43.774147: Epoch 228
2026-09-10 19:41:43.781518: Current learning rate: 0.00112
2026-09-10 19:42:44.569947: train_loss -0.8401
2026-09-10 19:42:44.584254: val_loss -0.7877
2026-09-10 19:42:44.593009: Pseudo dice [np.float32(0.9531), np.float32(0.9423), np.float32(0.9378), np.float32(0.947), np.float32(0.7932)]
2026-09-10 19:42:44.607534: Epoch time: 60.81 s
2026-09-10 19:42:46.579467: 
2026-09-10 19:42:46.588276: Epoch 229
2026-09-10 19:42:46.596572: Current learning rate: 0.00108
2026-09-10 19:43:47.073776: train_loss -0.8427
2026-09-10 19:43:47.088741: val_loss -0.7802
2026-09-10 19:43:47.100600: Pseudo dice [np.float32(0.953), np.float32(0.9424), np.float32(0.9378), np.float32(0.9452), np.float32(0.7849)]
2026-09-10 19:43:47.111288: Epoch time: 60.5 s
2026-09-10 19:43:49.056090: 
2026-09-10 19:43:49.068241: Epoch 230
2026-09-10 19:43:49.080343: Current learning rate: 0.00103
2026-09-10 19:44:49.638717: train_loss -0.8482
2026-09-10 19:44:49.651190: val_loss -0.7819
2026-09-10 19:44:49.659354: Pseudo dice [np.float32(0.9532), np.float32(0.9434), np.float32(0.9377), np.float32(0.9446), np.float32(0.7905)]
2026-09-10 19:44:49.667257: Epoch time: 60.59 s
2026-09-10 19:44:51.649640: 
2026-09-10 19:44:51.677683: Epoch 231
2026-09-10 19:44:51.684098: Current learning rate: 0.00098
2026-09-10 19:45:52.425463: train_loss -0.8497
2026-09-10 19:45:52.445414: val_loss -0.775
2026-09-10 19:45:52.455797: Pseudo dice [np.float32(0.9541), np.float32(0.9429), np.float32(0.9357), np.float32(0.9461), np.float32(0.7924)]
2026-09-10 19:45:52.465526: Epoch time: 60.78 s
2026-09-10 19:45:54.517020: 
2026-09-10 19:45:54.529273: Epoch 232
2026-09-10 19:45:54.539339: Current learning rate: 0.00094
2026-09-10 19:46:55.207739: train_loss -0.8415
2026-09-10 19:46:55.218219: val_loss -0.7851
2026-09-10 19:46:55.227328: Pseudo dice [np.float32(0.9527), np.float32(0.9432), np.float32(0.9322), np.float32(0.9481), np.float32(0.7927)]
2026-09-10 19:46:55.233963: Epoch time: 60.69 s
2026-09-10 19:46:56.467788: 
2026-09-10 19:46:56.473838: Epoch 233
2026-09-10 19:46:56.479869: Current learning rate: 0.00089
2026-09-10 19:47:57.700044: train_loss -0.8455
2026-09-10 19:47:57.710056: val_loss -0.7905
2026-09-10 19:47:57.725396: Pseudo dice [np.float32(0.9531), np.float32(0.9484), np.float32(0.9363), np.float32(0.9501), np.float32(0.8029)]
2026-09-10 19:47:57.733413: Epoch time: 61.23 s
2026-09-10 19:47:59.919356: 
2026-09-10 19:47:59.929176: Epoch 234
2026-09-10 19:47:59.935169: Current learning rate: 0.00084
2026-09-10 19:49:00.667604: train_loss -0.8432
2026-09-10 19:49:00.676596: val_loss -0.7779
2026-09-10 19:49:00.684370: Pseudo dice [np.float32(0.9545), np.float32(0.943), np.float32(0.9382), np.float32(0.9454), np.float32(0.7927)]
2026-09-10 19:49:00.691634: Epoch time: 60.75 s
2026-09-10 19:49:02.044921: 
2026-09-10 19:49:02.051318: Epoch 235
2026-09-10 19:49:02.058934: Current learning rate: 0.00079
2026-09-10 19:50:02.806289: train_loss -0.8441
2026-09-10 19:50:02.816400: val_loss -0.7658
2026-09-10 19:50:02.825659: Pseudo dice [np.float32(0.9519), np.float32(0.9389), np.float32(0.9344), np.float32(0.9444), np.float32(0.7842)]
2026-09-10 19:50:02.836087: Epoch time: 60.76 s
2026-09-10 19:50:04.692057: 
2026-09-10 19:50:04.701880: Epoch 236
2026-09-10 19:50:04.708997: Current learning rate: 0.00075
2026-09-10 19:51:05.804735: train_loss -0.8423
2026-09-10 19:51:05.815482: val_loss -0.7795
2026-09-10 19:51:05.821580: Pseudo dice [np.float32(0.9521), np.float32(0.9432), np.float32(0.9379), np.float32(0.9457), np.float32(0.7879)]
2026-09-10 19:51:05.827583: Epoch time: 61.12 s
2026-09-10 19:51:07.099026: 
2026-09-10 19:51:07.105929: Epoch 237
2026-09-10 19:51:07.112704: Current learning rate: 0.0007
2026-09-10 19:52:07.869607: train_loss -0.8416
2026-09-10 19:52:07.885382: val_loss -0.7786
2026-09-10 19:52:07.894375: Pseudo dice [np.float32(0.9532), np.float32(0.9432), np.float32(0.9381), np.float32(0.9475), np.float32(0.7895)]
2026-09-10 19:52:07.903594: Epoch time: 60.77 s
2026-09-10 19:52:09.844448: 
2026-09-10 19:52:09.850440: Epoch 238
2026-09-10 19:52:09.858343: Current learning rate: 0.00065
2026-09-10 19:53:09.598550: train_loss -0.8426
2026-09-10 19:53:09.610374: val_loss -0.7751
2026-09-10 19:53:09.624442: Pseudo dice [np.float32(0.9538), np.float32(0.9481), np.float32(0.9387), np.float32(0.9478), np.float32(0.7935)]
2026-09-10 19:53:09.637519: Epoch time: 59.76 s
2026-09-10 19:53:11.670436: 
2026-09-10 19:53:11.684245: Epoch 239
2026-09-10 19:53:11.699382: Current learning rate: 0.0006
2026-09-10 19:54:11.632518: train_loss -0.8426
2026-09-10 19:54:11.646962: val_loss -0.7821
2026-09-10 19:54:11.654121: Pseudo dice [np.float32(0.9533), np.float32(0.9475), np.float32(0.9359), np.float32(0.95), np.float32(0.8)]
2026-09-10 19:54:11.661049: Epoch time: 59.96 s
2026-09-10 19:54:13.686626: 
2026-09-10 19:54:13.693727: Epoch 240
2026-09-10 19:54:13.700357: Current learning rate: 0.00055
2026-09-10 19:55:13.455969: train_loss -0.8435
2026-09-10 19:55:13.472453: val_loss -0.777
2026-09-10 19:55:13.478755: Pseudo dice [np.float32(0.953), np.float32(0.9457), np.float32(0.9367), np.float32(0.9474), np.float32(0.795)]
2026-09-10 19:55:13.485459: Epoch time: 59.77 s
2026-09-10 19:55:15.501253: 
2026-09-10 19:55:15.507582: Epoch 241
2026-09-10 19:55:15.514464: Current learning rate: 0.0005
2026-09-10 19:56:15.363980: train_loss -0.845
2026-09-10 19:56:15.385360: val_loss -0.7739
2026-09-10 19:56:15.393348: Pseudo dice [np.float32(0.9537), np.float32(0.9407), np.float32(0.9368), np.float32(0.948), np.float32(0.7914)]
2026-09-10 19:56:15.403416: Epoch time: 59.86 s
2026-09-10 19:56:18.635448: 
2026-09-10 19:56:18.642381: Epoch 242
2026-09-10 19:56:18.649799: Current learning rate: 0.00045
2026-09-10 19:57:18.410313: train_loss -0.8467
2026-09-10 19:57:18.443572: val_loss -0.7871
2026-09-10 19:57:18.449639: Pseudo dice [np.float32(0.956), np.float32(0.9442), np.float32(0.936), np.float32(0.9465), np.float32(0.7957)]
2026-09-10 19:57:18.455452: Epoch time: 59.78 s
2026-09-10 19:57:20.362102: 
2026-09-10 19:57:20.374487: Epoch 243
2026-09-10 19:57:20.385101: Current learning rate: 0.0004
2026-09-10 19:58:20.195360: train_loss -0.8416
2026-09-10 19:58:20.216376: val_loss -0.7846
2026-09-10 19:58:20.232778: Pseudo dice [np.float32(0.9546), np.float32(0.9451), np.float32(0.934), np.float32(0.9446), np.float32(0.7912)]
2026-09-10 19:58:20.243159: Epoch time: 59.83 s
2026-09-10 19:58:22.187227: 
2026-09-10 19:58:22.194686: Epoch 244
2026-09-10 19:58:22.201205: Current learning rate: 0.00035
2026-09-10 19:59:22.172998: train_loss -0.8449
2026-09-10 19:59:22.198447: val_loss -0.7841
2026-09-10 19:59:22.215032: Pseudo dice [np.float32(0.9513), np.float32(0.9488), np.float32(0.9412), np.float32(0.9501), np.float32(0.7951)]
2026-09-10 19:59:22.223465: Epoch time: 59.99 s
2026-09-10 19:59:24.257008: 
2026-09-10 19:59:24.275254: Epoch 245
2026-09-10 19:59:24.286724: Current learning rate: 0.0003
2026-09-10 20:00:24.034469: train_loss -0.8445
2026-09-10 20:00:24.048446: val_loss -0.7853
2026-09-10 20:00:24.055184: Pseudo dice [np.float32(0.9528), np.float32(0.9462), np.float32(0.9388), np.float32(0.9486), np.float32(0.7946)]
2026-09-10 20:00:24.063050: Epoch time: 59.78 s
2026-09-10 20:00:24.075455: Yayy! New best EMA pseudo Dice: 0.9150999784469604
2026-09-10 20:00:27.238929: 
2026-09-10 20:00:27.248276: Epoch 246
2026-09-10 20:00:27.258528: Current learning rate: 0.00024
2026-09-10 20:01:27.080247: train_loss -0.8465
2026-09-10 20:01:27.092223: val_loss -0.7823
2026-09-10 20:01:27.100047: Pseudo dice [np.float32(0.9556), np.float32(0.9452), np.float32(0.938), np.float32(0.9454), np.float32(0.8)]
2026-09-10 20:01:27.107217: Epoch time: 59.84 s
2026-09-10 20:01:27.115160: Yayy! New best EMA pseudo Dice: 0.9153000116348267
2026-09-10 20:01:30.177352: 
2026-09-10 20:01:30.190504: Epoch 247
2026-09-10 20:01:30.196626: Current learning rate: 0.00019
2026-09-10 20:02:30.162976: train_loss -0.8478
2026-09-10 20:02:30.178371: val_loss -0.7858
2026-09-10 20:02:30.188251: Pseudo dice [np.float32(0.9546), np.float32(0.944), np.float32(0.9383), np.float32(0.949), np.float32(0.7929)]
2026-09-10 20:02:30.196244: Epoch time: 59.99 s
2026-09-10 20:02:30.204657: Yayy! New best EMA pseudo Dice: 0.9153000116348267
2026-09-10 20:02:32.724189: 
2026-09-10 20:02:32.730435: Epoch 248
2026-09-10 20:02:32.737139: Current learning rate: 0.00013
2026-09-10 20:03:32.594903: train_loss -0.8446
2026-09-10 20:03:32.614562: val_loss -0.7815
2026-09-10 20:03:32.624854: Pseudo dice [np.float32(0.9547), np.float32(0.9477), np.float32(0.9303), np.float32(0.9484), np.float32(0.7901)]
2026-09-10 20:03:32.650384: Epoch time: 59.87 s
2026-09-10 20:03:34.520084: 
2026-09-10 20:03:34.531236: Epoch 249
2026-09-10 20:03:34.543507: Current learning rate: 7e-05
2026-09-10 20:04:34.390923: train_loss -0.8531
2026-09-10 20:04:34.404918: val_loss -0.7895
2026-09-10 20:04:34.416317: Pseudo dice [np.float32(0.9563), np.float32(0.9463), np.float32(0.9366), np.float32(0.9494), np.float32(0.7944)]
2026-09-10 20:04:34.424265: Epoch time: 59.87 s
2026-09-10 20:04:34.431873: Yayy! New best EMA pseudo Dice: 0.9154000282287598
2026-09-10 20:04:38.224916: Training done.
2026-09-10 20:04:38.290143: Using splits from existing split file: /hpc/jgeo610/nnunet/preprocessed/Dataset501_CardiacBoth/splits_final.json
2026-09-10 20:04:38.306735: The split file contains 5 splits.
2026-09-10 20:04:38.317893: Desired fold for training: 0
2026-09-10 20:04:38.331518: This split has 33 training and 9 validation cases.
2026-09-10 20:04:38.341501: predicting CADRE_1382_second
2026-09-10 20:04:38.497560: CADRE_1382_second, shape torch.Size([2, 94, 432, 413]), rank 0
2026-09-10 20:05:15.204339: predicting CADRE_1395_second
2026-09-10 20:05:15.337361: CADRE_1395_second, shape torch.Size([2, 94, 432, 351]), rank 0
2026-09-10 20:05:22.741178: predicting CADRE_1521
2026-09-10 20:05:22.902731: CADRE_1521, shape torch.Size([2, 94, 432, 421]), rank 0
2026-09-10 20:05:30.223588: predicting CADRE_1671
2026-09-10 20:05:30.430634: CADRE_1671, shape torch.Size([2, 94, 432, 409]), rank 0
2026-09-10 20:05:37.918118: predicting CADRE_1855
2026-09-10 20:05:38.101797: CADRE_1855, shape torch.Size([2, 88, 432, 336]), rank 0
2026-09-10 20:05:43.111387: predicting CADRE_1857
2026-09-10 20:05:43.318910: CADRE_1857, shape torch.Size([2, 94, 432, 419]), rank 0
2026-09-10 20:05:50.589979: predicting CADRE_1861
2026-09-10 20:05:50.719956: CADRE_1861, shape torch.Size([2, 94, 432, 375]), rank 0
2026-09-10 20:05:58.149702: predicting CADRE_1872
2026-09-10 20:05:58.274074: CADRE_1872, shape torch.Size([2, 94, 432, 330]), rank 0
2026-09-10 20:06:03.232074: predicting CADRE_1875
2026-09-10 20:06:03.420847: CADRE_1875, shape torch.Size([2, 90, 432, 386]), rank 0
2026-09-10 20:06:31.625202: Validation complete
2026-09-10 20:06:31.631822: Mean Validation Dice:  0.9073558058853018
